[NodeName : FIX,Database : sim_k2,File Name : C:\Program Files (x86)\GE\iFIX\PDB\sim_k2.csv,Date : 22.02.2023,Time : 17:32:27]
#AI60,DI130#

[BLOCK TYPE,Tag,Next block,Description,Initial scan,Scan time,Smoothing,I/O device,H/W options,I/O address,Signal conditioning,Low EGU limit,High EGU limit,EGU tag,Initial A/M status,Alarm enable,Alarm area(s),LOLO alarm limit,LO alarm limit,HI alarm limit,HIHI alarm limit,ROC alarm limit,Dead band,Alarm priority,Enable output,Security area 1,Security area 2,Security area 3,Alarm area 1,Alarm area 2,Alarm area 3,Alarm area 4,Alarm area 5,Alarm area 6,Alarm area 7,Alarm area 8,Alarm area 9,Alarm area 10,Alarm area 11,Alarm area 12,Alarm area 13,Alarm area 14,Alarm area 15,User field 1,User field 2,ESIG type,ESIG allow cont use,ESIG xmpt alarm ack,ESIG unsigned writes,ESIG cmnt required,PDR update rate,PDR access time,PDR deadband,PDR latch,PDR disable output,PDR array length,Hist tag description,Hist collect,Hist interval,Hist offset,Hist time resolution,Hist compression,Hist deadband,Hist compress type,Hist compress time,Scale enabled,Scale clamping,Scale use EGU,Scale raw low,Scale raw high,Scale low,Scale high,Shelve enable,Shelve policy]
!A_NAME,A_TAG,A_NEXT,A_DESC,A_ISCAN,A_SCANT,A_SMOTH,A_IODV,A_IOHT,A_IOAD,A_IOSC,A_ELO,A_EHI,A_EGUDESC,A_IAM,A_IENAB,A_ADI,A_LOLO,A_LO,A_HI,A_HIHI,A_ROC,A_DBAND,A_PRI,A_EOUT,A_SA1,A_SA2,A_SA3,A_AREA1,A_AREA2,A_AREA3,A_AREA4,A_AREA5,A_AREA6,A_AREA7,A_AREA8,A_AREA9,A_AREA10,A_AREA11,A_AREA12,A_AREA13,A_AREA14,A_AREA15,A_ALMEXT1,A_ALMEXT2,A_ESIGTYPE,A_ESIGCONT,A_ESIGACK,A_ESIGTRAP,A_ESIGREQ_COMMENT,A_PDR_UPDATERATE,A_PDR_ACCESSTIME,A_PDR_DEADBAND,A_PDR_LATCHDATA,A_PDR_DISABLEOUT,A_PDR_ARRAYLENGTH,A_HIST_DESC,A_HIST_COLLECT,A_HIST_INTERVAL,A_HIST_OFFSET,A_HIST_TIMERES,A_HIST_COMPRESS,A_HIST_DEADBAND,A_HIST_COMPTYPE,A_HIST_COMPTIME,A_SCALE_ENABLED,A_SCALE_CLAMP,A_SCALE_USEEGU,A_SCALE_RAWLOW,A_SCALE_RAWHIGH,A_SCALE_LOW,A_SCALE_HIGH,A_IALMSHLVENAB,A_ALMSHELVEPOLICY!
"AI","DD1","","Показания датчика давления ДД1","ON","1","0","SIM","","28","","0.0","600.0","","AUTO","ENABLE","NONE","0.0","50.0","290.0","300.0","0.0","5.0","LOW","YES","NONE","NONE","NONE","ALL","","","","","","","","","","","","","","","Sensor","DD","NONE","YES","NO","REJECT","NO","1 000","300 000","0","NO","NO","0","DD1","YES","1 000.0","0.0","Milliseconds","DISABLE","0.0000","Percentage","0","NO","NO","YES","0.0","65 535.0","0.0","600.0","DISABLE",""
"AI","DD2","","Показания датчика давления ДД2","ON","1","0","SIM","","29","","0.0","10.0","","AUTO","ENABLE","NONE","0.0","1.0","4.0","5.0","0.0","0.5","LOW","YES","NONE","NONE","NONE","ALL","","","","","","","","","","","","","","","Sensor","DD","NONE","YES","NO","REJECT","NO","1 000","300 000","0","NO","NO","0","DD2","YES","1 000.0","0.0","Milliseconds","DISABLE","0.0000","Percentage","0","NO","NO","YES","0.0","65 535.0","0.0","10.0","DISABLE",""
"AI","DD3","","Показания датчика давления ДД3","ON","1","0","SIM","","30","","0","300","","AUTO","ENABLE","NONE","1","5","50","300","0","5","LOW","YES","NONE","NONE","NONE","ALL","","","","","","","","","","","","","","","Sensor","DD","NONE","YES","NO","REJECT","NO","1 000","300 000","0","NO","NO","0","DD3","YES","1 000.0","0.0","Milliseconds","DISABLE","0.0000","Percentage","0","NO","NO","YES","0","65 535","0","300","DISABLE",""
"AI","DD4","","Показания датчика давления ДД4","ON","1","0","SIM","","31","","0.0","100.0","","AUTO","ENABLE","NONE","0.0","0.0","100.0","100.0","0.0","5.0","LOW","YES","NONE","NONE","NONE","ALL","","","","","","","","","","","","","","","Sensor","DD","NONE","YES","NO","REJECT","NO","1 000","300 000","0","NO","NO","0","DD4","YES","1 000.0","0.0","Milliseconds","DISABLE","0.0000","Percentage","0","NO","NO","YES","0.0","65 535.0","0.0","100.0","DISABLE",""
"AI","DT1","","Показания датчика температуры ДТ1","ON","1","0","SIM","","1","","0.0","100.0","","AUTO","ENABLE","NONE","0.0","0.0","25.0","30.0","0.0","1.0","LOW","YES","NONE","NONE","NONE","ALL","","","","","","","","","","","","","","","Sensor","DT","NONE","YES","NO","REJECT","NO","1 000","300 000","0","NO","NO","0","DT1","YES","60 000.0","0.0","Milliseconds","DISABLE","0.0000","Percentage","0","NO","NO","YES","0.0","65 535.0","0.0","100.0","DISABLE",""
"AI","DT2","","Показания датчика температуры ДТ2","ON","1","0","SIM","","2","","0.0","100.0","","AUTO","ENABLE","NONE","0.0","0.0","65.0","70.0","0.0","5.0","LOW","YES","NONE","NONE","NONE","ALL","","","","","","","","","","","","","","","Sensor","DT","NONE","YES","NO","REJECT","NO","1 000","300 000","0","NO","NO","0","DT2","YES","60 000.0","0.0","Seconds","DISABLE","0.0000","Absolute","0","NO","NO","YES","0.0","65 535.0","0.0","100.0","DISABLE",""
"AI","DT3","","Показания датчика температуры ДТ3","ON","1","0","SIM","","3","","0.0","100.0","","AUTO","ENABLE","NONE","0.0","0.0","65.0","70.0","0.0","5.0","LOW","YES","NONE","NONE","NONE","ALL","","","","","","","","","","","","","","","Sensor","DT","NONE","YES","NO","REJECT","NO","1 000","300 000","0","NO","NO","0","DT3","YES","60 000.0","0.0","Seconds","DISABLE","0.0000","Absolute","0","NO","NO","YES","0.0","65 535.0","0.0","100.0","DISABLE",""
"AI","DT4","","Показания датчика температуры ДТ4","ON","1","0","SIM","","4","","0.0","100.0","","AUTO","ENABLE","NONE","0.0","0.0","65.0","70.0","0.0","5.0","LOW","YES","NONE","NONE","NONE","ALL","","","","","","","","","","","","","","","Sensor","DT","NONE","YES","NO","REJECT","NO","1 000","300 000","0","NO","NO","0","DT4","YES","60 000.0","0.0","Seconds","DISABLE","0.0000","Absolute","0","NO","NO","YES","0.0","65 535.0","0.0","100.0","DISABLE",""
"AI","DT5","","Показания датчика температуры ДТ5","ON","1","0","SIM","","5","","0.0","100.0","","AUTO","ENABLE","NONE","0.0","0.0","65.0","70.0","0.0","5.0","LOW","YES","NONE","NONE","NONE","ALL","","","","","","","","","","","","","","","Sensor","DT","NONE","YES","NO","REJECT","NO","1 000","300 000","0","NO","NO","0","DT5","YES","60 000.0","0.0","Seconds","DISABLE","0.0000","Absolute","0","NO","NO","YES","0.0","65 535.0","0.0","100.0","DISABLE",""
"AI","DT6","","Показания датчика температуры ДТ6","ON","1","0","SIM","","6","","0.0","100.0","","AUTO","ENABLE","NONE","0.0","0.0","65.0","70.0","0.0","5.0","LOW","YES","NONE","NONE","NONE","ALL","","","","","","","","","","","","","","","Sensor","DT","NONE","YES","NO","REJECT","NO","1 000","300 000","0","NO","NO","0","DT6","YES","60 000.0","0.0","Seconds","DISABLE","0.0000","Absolute","0","NO","NO","YES","0.0","65 535.0","0.0","100.0","DISABLE",""
"AI","DT7","","Показания датчика температуры ДТ7","ON","1","0","SIM","","7","","0.0","100.0","","AUTO","ENABLE","NONE","0.0","0.0","65.0","70.0","0.0","5.0","LOW","YES","NONE","NONE","NONE","ALL","","","","","","","","","","","","","","","Sensor","DT","NONE","YES","NO","REJECT","NO","1 000","300 000","0","NO","NO","0","DT7","YES","60 000.0","0.0","Seconds","DISABLE","0.0000","Absolute","0","NO","NO","YES","0.0","65 535.0","0.0","100.0","DISABLE",""
"AI","DT8","","Показания датчика температуры ДТ8","ON","1","0","SIM","","8","","0.0","100.0","","AUTO","ENABLE","NONE","0.0","0.0","65.0","70.0","0.0","5.0","LOW","YES","NONE","NONE","NONE","ALL","","","","","","","","","","","","","","","Sensor","DT","NONE","YES","NO","REJECT","NO","1 000","300 000","0","NO","NO","0","DT8","YES","60 000.0","0.0","Seconds","DISABLE","0.0000","Absolute","0","NO","NO","YES","0.0","65 535.0","0.0","100.0","DISABLE",""
"AI","DT9","","Показания датчика температуры ДТ9","ON","1","0","SIM","","9","","0.0","100.0","","AUTO","ENABLE","NONE","0.0","0.0","65.0","70.0","0.0","5.0","LOW","YES","NONE","NONE","NONE","ALL","","","","","","","","","","","","","","","Sensor","DT","NONE","YES","NO","REJECT","NO","1 000","300 000","0","NO","NO","0","DT9","YES","60 000.0","0.0","Seconds","DISABLE","0.0000","Absolute","0","NO","NO","YES","0.0","65 535.0","0.0","100.0","DISABLE",""
"AI","DT10","","Показания датчика температуры ДТ10","ON","1","0","SIM","","10","","0.0","100.0","","AUTO","ENABLE","NONE","0.0","0.0","65.0","70.0","0.0","5.0","LOW","YES","NONE","NONE","NONE","ALL","","","","","","","","","","","","","","","Sensor","DT","NONE","YES","NO","REJECT","NO","1 000","300 000","0","NO","NO","0","DT10","YES","60 000.0","0.0","Milliseconds","DISABLE","0.0000","Percentage","0","NO","NO","YES","0.0","65 535.0","0.0","100.0","DISABLE",""
"AI","DT11","","Показания датчика температуры ДТ11","ON","1","0","SIM","","11","","0.0","100.0","","AUTO","ENABLE","NONE","0.0","0.0","65.0","70.0","0.0","5.0","LOW","YES","NONE","NONE","NONE","ALL","","","","","","","","","","","","","","","Sensor","DT","NONE","YES","NO","REJECT","NO","1 000","300 000","0","NO","NO","0","DT11","YES","60 000.0","0.0","Milliseconds","DISABLE","0.0000","Percentage","0","NO","NO","YES","0.0","65 535.0","0.0","100.0","DISABLE",""
"AI","DT12","","Показания датчика температуры ДТ12","ON","1","0","SIM","","12","","0.0","100.0","","AUTO","ENABLE","NONE","0.0","0.0","65.0","70.0","0.0","5.0","LOW","YES","NONE","NONE","NONE","ALL","","","","","","","","","","","","","","","Sensor","DT","NONE","YES","NO","REJECT","NO","1 000","300 000","0","NO","NO","0","DT12","YES","60 000.0","0.0","Milliseconds","DISABLE","0.0000","Percentage","0","NO","NO","YES","0.0","65 535.0","0.0","100.0","DISABLE",""
"AI","DT13","","Показания датчика температуры ДТ13","ON","1","0","SIM","","13","","0.0","100.0","","AUTO","ENABLE","NONE","0.0","0.0","65.0","70.0","0.0","5.0","LOW","YES","NONE","NONE","NONE","ALL","","","","","","","","","","","","","","","Sensor","DT","NONE","YES","NO","REJECT","NO","1 000","300 000","0","NO","NO","0","DT13","YES","60 000.0","0.0","Seconds","DISABLE","0.0000","Absolute","0","NO","NO","YES","0.0","65 535.0","0.0","100.0","DISABLE",""
"AI","DT14","","Показания датчика температуры ДТ14","ON","1","0","SIM","","14","","0.0","100.0","","AUTO","ENABLE","NONE","0.0","0.0","65.0","70.0","0.0","5.0","LOW","YES","NONE","NONE","NONE","ALL","","","","","","","","","","","","","","","Sensor","DT","NONE","YES","NO","REJECT","NO","1 000","300 000","0","NO","NO","0","DT14","YES","60 000.0","0.0","Seconds","DISABLE","0.0000","Absolute","0","NO","NO","YES","0.0","65 535.0","0.0","100.0","DISABLE",""
"AI","DT15","","Показания датчика температуры ДТ15","ON","1","0","SIM","","15","","0.0","100.0","","AUTO","ENABLE","NONE","0.0","0.0","65.0","70.0","0.0","5.0","LOW","YES","NONE","NONE","NONE","ALL","","","","","","","","","","","","","","","Sensor","DT","NONE","YES","NO","REJECT","NO","1 000","300 000","0","NO","NO","0","DT15","YES","60 000.0","0.0","Seconds","DISABLE","0.0000","Absolute","0","NO","NO","YES","0.0","65 535.0","0.0","100.0","DISABLE",""
"AI","DT16","","Показания датчика температуры ДТ16","ON","1","0","SIM","","16","","0.0","100.0","","AUTO","ENABLE","NONE","0.0","0.0","65.0","70.0","0.0","5.0","LOW","YES","NONE","NONE","NONE","ALL","","","","","","","","","","","","","","","Sensor","DT","NONE","YES","NO","REJECT","NO","1 000","300 000","0","NO","NO","0","DT16","YES","60 000.0","0.0","Seconds","DISABLE","0.0000","Absolute","0","NO","NO","YES","0.0","65 535.0","0.0","100.0","DISABLE",""
"AI","DT17","","Показания датчика температуры ДТ17","ON","1","0","SIM","","17","","0.0","100.0","","AUTO","ENABLE","NONE","0.0","0.0","65.0","70.0","0.0","5.0","LOW","YES","NONE","NONE","NONE","ALL","","","","","","","","","","","","","","","Sensor","DT","NONE","YES","NO","REJECT","NO","1 000","300 000","0","NO","NO","0","DT17","YES","60 000.0","0.0","Seconds","DISABLE","0.0000","Absolute","0","NO","NO","YES","0.0","65 535.0","0.0","100.0","DISABLE",""
"AI","DT18","","Показания датчика температуры ДТ18","ON","1","0","SIM","","18","","0.0","100.0","","AUTO","ENABLE","NONE","0.0","0.0","25.0","30.0","0.0","5.0","LOW","YES","NONE","NONE","NONE","ALL","","","","","","","","","","","","","","","Sensor","DT","NONE","YES","NO","REJECT","NO","1 000","300 000","0","NO","NO","0","DT18","YES","60 000.0","0.0","Seconds","DISABLE","0.0000","Absolute","0","NO","NO","YES","0.0","65 535.0","0.0","100.0","DISABLE",""
"AI","DT19","","Показания датчика температуры ДТ19","ON","1","0","SIM","","19","","0.0","100.0","","AUTO","ENABLE","NONE","0.0","0.0","65.0","70.0","0.0","5.0","LOW","YES","NONE","NONE","NONE","ALL","","","","","","","","","","","","","","","Sensor","DT","NONE","YES","NO","REJECT","NO","1 000","300 000","0","NO","NO","0","DT19","YES","60 000.0","0.0","Seconds","DISABLE","0.0000","Absolute","0","NO","NO","YES","0.0","65 535.0","0.0","100.0","DISABLE",""
"AI","DT20","","Показания датчика температуры ДТ20","ON","1","0","SIM","","21","","0.0","100.0","","AUTO","ENABLE","NONE","0.0","0.0","65.0","70.0","0.0","5.0","LOW","YES","NONE","NONE","NONE","ALL","","","","","","","","","","","","","","","Sensor","DT","NONE","YES","NO","REJECT","NO","1 000","300 000","0","NO","NO","0","DT20","YES","60 000.0","0.0","Seconds","DISABLE","0.0000","Absolute","0","NO","NO","YES","0.0","65 535.0","0.0","100.0","DISABLE",""
"AI","DT21","","Показания датчика температуры ДТ21","ON","1","0","SIM","","22","","0.0","100.0","","AUTO","ENABLE","NONE","0.0","0.0","65.0","70.0","0.0","5.0","LOW","YES","NONE","NONE","NONE","ALL","","","","","","","","","","","","","","","Sensor","DT","NONE","YES","NO","REJECT","NO","1 000","300 000","0","NO","NO","0","DT21","YES","60 000.0","0.0","Seconds","DISABLE","0.0000","Absolute","0","NO","NO","YES","0.0","65 535.0","0.0","100.0","DISABLE",""
"AI","DT22","","Показания датчика температуры ДТ22","ON","1","0","SIM","","23","","0.0","100.0","","AUTO","ENABLE","NONE","0.0","0.0","65.0","70.0","0.0","5.0","LOW","YES","NONE","NONE","NONE","ALL","","","","","","","","","","","","","","","Sensor","DT","NONE","YES","NO","REJECT","NO","1 000","300 000","0","NO","NO","0","DT22","YES","60 000.0","0.0","Seconds","DISABLE","0.0000","Absolute","0","NO","NO","YES","0.0","65 535.0","0.0","100.0","DISABLE",""
"AI","DT23","","Показания датчика температуры ДТ23","ON","1","0","SIM","","24","","0.0","100.0","","AUTO","ENABLE","NONE","0.0","0.0","65.0","70.0","0.0","5.0","LOW","YES","NONE","NONE","NONE","ALL","","","","","","","","","","","","","","","Sensor","DT","NONE","YES","NO","REJECT","NO","1 000","300 000","0","NO","NO","0","DT23","YES","60 000.0","0.0","Seconds","DISABLE","0.0000","Absolute","0","NO","NO","YES","0.0","65 535.0","0.0","100.0","DISABLE",""
"AI","DT24","","Показания датчика температуры ДТ24","ON","1","0","SIM","","25","","0.0","100.0","","AUTO","ENABLE","NONE","0.0","0.0","65.0","70.0","0.0","5.0","LOW","YES","NONE","NONE","NONE","ALL","","","","","","","","","","","","","","","Sensor","DT","NONE","YES","NO","REJECT","NO","1 000","300 000","0","NO","NO","0","DT24","YES","60 000.0","0.0","Seconds","DISABLE","0.0000","Absolute","0","NO","NO","YES","0.0","65 535.0","0.0","100.0","DISABLE",""
"AI","ECS_GS_FLOWRATE","","natural gas flowrate at GF-2 furnace reaction chamber inlet","ON","1","0","SIM","","44","","0.0","100.0","","AUTO","DISABLE","NONE","3.0","5.0","35.0","40.0","0.0","5.0","LOW","YES","NONE","NONE","NONE","ALL","","","","","","","","","","","","","","","ECS","Gas system","NONE","YES","NO","REJECT","NO","1 000","300 000","0","NO","NO","0","ECS_GS_flowrate","YES","5 000.0","0.0","Milliseconds","ENABLE","0.0000","Percentage","10","NO","NO","YES","0.0","65 535.0","0.0","100.0","DISABLE",""
"AI","ECS_GS_PRESSURE_IN","","natural gas pressure at GF-2 furnace reaction chamber inlet","ON","1","0","SIM","","45","","0.0","100.0","","AUTO","ENABLE","NONE","0.0","0.0","100.0","100.0","0.0","5.0","LOW","YES","NONE","NONE","NONE","ALL","","","","","","","","","","","","","","","ECS","Gas system","NONE","YES","NO","REJECT","NO","1 000","300 000","0","NO","NO","0","ECS_GS_pressure_in","YES","1 000.0","0.0","Milliseconds","DISABLE","0.0000","Absolute","0","NO","NO","YES","0.0","65 535.0","0.0","100.0","DISABLE",""
"AI","ECS_GS_TEMPERATURE_IN","","natural gas temperature at GF-2 furnace reaction chamber inlet.","ON","1","0","SIM","","46","","0.0","100.0","","AUTO","ENABLE","NONE","0.0","0.0","25.0","30.0","0.0","5.0","LOW","NO","NONE","NONE","NONE","ALL","","","","","","","","","","","","","","","ECS","Gas system","NONE","YES","NO","REJECT","NO","1 000","300 000","0","NO","NO","0","ECS_GS_temperature_in","YES","60 000.0","0.0","Seconds","DISABLE","0.0000","Absolute","0","NO","NO","YES","0.0","65 535.0","0.0","100.0","DISABLE",""
"AI","ECS_NS_FLOWRATE","","nitrogen flowrate at GF-2 furnace reaction chamber inlet","ON","1","0","SIM","","47","","0.0","100.0","","AUTO","DISABLE","NONE","3.0","5.0","35.0","40.0","0.0","5.0","LOW","NO","NONE","NONE","NONE","ALL","","","","","","","","","","","","","","","ECS","Nitrogen system","NONE","YES","NO","REJECT","NO","1 000","300 000","0","NO","NO","0","ECS_NS_flowrate","YES","1 000.0","0.0","Milliseconds","ENABLE","0.0000","Percentage","10","NO","NO","YES","0.0","65 535.0","0.0","100.0","DISABLE",""
"AI","ECS_NS_PRESSURE_IN","","Vacuum pressure at GF-2 furnace reaction chamber inlet","ON","1","0","SIM","","48","","0.0","100.0","","AUTO","ENABLE","NONE","0.0","0.0","100.0","100.0","0.0","5.0","LOW","YES","NONE","NONE","NONE","ALL","","","","","","","","","","","","","","","ECS","Nitrogen system","NONE","YES","NO","REJECT","NO","1 000","300 000","0","NO","NO","0","ECS_NS_pressure_in","YES","1 000.0","0.0","Milliseconds","DISABLE","0.0000","Absolute","0","NO","NO","YES","0.0","65 535.0","0.0","100.0","DISABLE",""
"AI","ECS_PS_FACT_CURRENT","","Indication of current strength supplied to GF-2 furnace reaction chamber current leads","ON","1","0","SIM","","53","","0","60 000","","AUTO","ENABLE","NONE","0","0","0","0","0","5","LOW","NO","NONE","NONE","NONE","ALL","","","","","","","","","","","","","","","ECS","power source","NONE","YES","NO","REJECT","NO","1 000","300 000","0","NO","NO","0","ECS_PS_fact_current","YES","1 000.0","0.0","Milliseconds","DISABLE","0.0000","Absolute","0","NO","NO","YES","0","65 535","0","60 000","DISABLE",""
"AI","ECS_PS_GIVEN_VOLTAGE","","given voltage from CC","ON","1","0","SIM","","52","","0","40","","AUTO","ENABLE","NONE","0","0","0","0","5","5","LOW","NO","NONE","NONE","NONE","ALL","","","","","","","","","","","","","","","ECS","power source","NONE","YES","NO","REJECT","NO","1 000","300 000","0","NO","NO","0","ECS_PS_given_voltage","YES","1 000.0","0.0","Milliseconds","DISABLE","0.0000","Absolute","0","NO","NO","YES","0","65 535","0","40","DISABLE",""
"AI","ECS_PS_GIVEN_VOLTAGE_COTROL_SIGNAL","","Indication of inlet of 4-20 мА","ON","1","0","SIM","","51","","0","40","","AUTO","ENABLE","NONE","4","0","0","20","0","5","LOW","NO","NONE","NONE","NONE","ALL","","","","","","","","","","","","","","","ECS","power source","NONE","YES","NO","REJECT","NO","1 000","300 000","0","NO","NO","0","ECS_PS_given_voltage_cotrol_signal","YES","1 000.0","0.0","Milliseconds","DISABLE","0.0000","Absolute","0","NO","NO","YES","0","65 535","0","40","DISABLE",""
"AI","ECS_PS_VOLTAGE","","Indication of voltage supplied to GF-2 furnace reaction chamber current leads","ON","1","0","SIM","","54","","0","220","","AUTO","ENABLE","NONE","0","0","0","0","0","5","LOW","NO","NONE","NONE","NONE","ALL","","","","","","","","","","","","","","","ECS","power source","NONE","YES","NO","REJECT","NO","1 000","300 000","0","NO","NO","0","ECS_PS_VOLTAGE","YES","1 000.0","0.0","Milliseconds","DISABLE","0.0000","Absolute","0","NO","NO","YES","0","65 535","0","220","DISABLE",""
"AI","ECS_VENT_CONSUMPTION","","ventilation system CONSUMPTION","ON","1","0","SIM","","50","","0.0","1 200.0","","AUTO","ENABLE","NONE","0.0","0.0","1 200.0","1 200.0","0.0","5.0","LOW","NO","NONE","NONE","NONE","ALL","","","","","","","","","","","","","","","ECS","ventilation system","NONE","YES","NO","REJECT","NO","1 000","300 000","0","NO","NO","0","ECS_VENT_CONSUMPTION","YES","5 000.0","0.0","Milliseconds","DISABLE","0.0000","Absolute","0","NO","NO","YES","0.0","65 535.0","0.0","1 200.0","DISABLE",""
"AI","ECS_VS_FLOWRATE","","vacuum system CONSUMPTION","ON","1","0","SIM","","55","","0.0","100.0","","AUTO","ENABLE","NONE","5.0","0.0","0.0","40.0","0.0","0.5","LOW","YES","NONE","NONE","NONE","ALL","","","","","","","","","","","","","","","ECS","vacuum system","NONE","YES","NO","REJECT","NO","1 000","300 000","0","NO","NO","0","ECS_VS_flowrate","YES","1 000.0","0.0","Milliseconds","DISABLE","0.0000","Absolute","0","NO","NO","YES","0.0","65 535.0","0.0","100.0","DISABLE",""
"AI","ECS_VS_PRESSURE","","Vacuum pressure at GF-2 furnace reaction chamber inlet","ON","1","0","SIM","","56","","0.0","20.0","","AUTO","ENABLE","NONE","0.0","1.0","5.0","10.0","0.0","0.5","LOW","YES","NONE","NONE","NONE","ALL","","","","","","","","","","","","","","","ECS","vacuum system","NONE","YES","NO","REJECT","NO","1 000","300 000","0","NO","NO","0","ECS_VS_pressure","YES","1 000.0","0.0","Milliseconds","DISABLE","0.0000","Absolute","0","NO","NO","YES","0.0","65 535.0","0.0","20.0","DISABLE",""
"AI","ECS_WC_FLOWRATE_IN","","water flowrate at GF-2 furnace inlet","ON","1","0","SIM","","40","","0.0","100.0","","AUTO","DISABLE","NONE","0.0","50.0","58.0","60.0","0.0","5.0","LOW","NO","NONE","NONE","NONE","ALL","","","","","","","","","","","","","","","ECS","water cooling","NONE","YES","NO","REJECT","NO","1 000","300 000","0","NO","NO","0","ECS_WC_flowrate_IN","YES","5 000.0","0.0","Milliseconds","DISABLE","0.0000","Absolute","0","NO","NO","YES","0.0","65 535.0","0.0","100.0","DISABLE",""
"AI","ECS_WC_FLOWRATE_OUT","","water flowrate at GF-2 furnace reaction chamber outlet","ON","1","0","SIM","","43","","0.0","100.0","","AUTO","DISABLE","NONE","0.0","50.0","58.0","60.0","0.0","5.0","LOW","NO","NONE","NONE","NONE","ALL","","","","","","","","","","","","","","","ECS","water cooling","NONE","YES","NO","REJECT","NO","1 000","300 000","0","NO","NO","0","ECS_WC_flowrate_OUT","YES","5 000.0","0.0","Milliseconds","DISABLE","0.0000","Absolute","0","NO","NO","YES","0.0","65 535.0","0.0","100.0","DISABLE",""
"AI","ECS_WC_TEMPERATURE_IN","","water temperature at GF-2 furnace reaction chamber inlet","ON","1","0","SIM","","41","","0.0","200.0","","AUTO","ENABLE","NONE","0.0","0.0","25.0","30.0","0.0","1.0","LOW","NO","NONE","NONE","NONE","ALL","","","","","","","","","","","","","","","ECS","water cooling","NONE","YES","NO","REJECT","NO","1 000","300 000","0","NO","NO","0","ECS_WC_temperature_IN","YES","60 000.0","0.0","Milliseconds","DISABLE","0.0000","Absolute","0","NO","NO","YES","0.0","65 535.0","0.0","200.0","DISABLE",""
"AI","ECS_WC_TEMPERATURE_OUT","","water temperature at GF-2 furnace reaction chamber outlet","ON","1","0","SIM","","42","","0.0","100.0","","AUTO","ENABLE","NONE","0.0","0.0","25.0","30.0","0.0","1.0","LOW","NO","NONE","NONE","NONE","ALL","","","","","","","","","","","","","","","ECS","water cooling","NONE","YES","NO","REJECT","NO","1 000","300 000","0","NO","NO","0","ECS_WC_temperature_OUT","YES","60 000.0","0.0","Milliseconds","DISABLE","0.0000","Absolute","0","NO","NO","YES","0.0","65 535.0","0.0","100.0","DISABLE",""
"AI","I_PTE","","Показания тока индикации (мост с термопарой) ПИД регулятора 4-20мА","ON","1","0","SIM","","33","","0","100","","AUTO","ENABLE","NONE","0","0","100","100","0","5","LOW","YES","NONE","NONE","NONE","ALL","","","","","","","","","","","","","","","Sensor","PID","NONE","YES","NO","REJECT","NO","1 000","300 000","0","NO","NO","0","I_PTE","YES","5 000.0","0.0","Milliseconds","DISABLE","0.0000","Absolute","0","NO","NO","YES","0","65 535","0","100","DISABLE",""
"AI","PAC_TICS_COUNTER","","пила от PLC","ON","1","0","SIM","","35","","0","32 767","","AUTO","DISABLE","NONE","0","0","32 767","32 767","0","5","LOW","NO","NONE","NONE","NONE","ALL","","","","","","","","","","","","","","","Sensor","PLC","NONE","YES","NO","REJECT","NO","1 000","300 000","0","NO","NO","0","PAC_TICS_COUNTER","YES","5 000.0","0.0","Milliseconds","ENABLE","0.0000","Percentage","10","NO","NO","YES","0","65 535","0","32 767","DISABLE",""
"AI","PID_DEVIATION_TEMP","","chamber temeprature deviation from given","ON","1","0","SIM","","58","","0.0","1 600.0","","AUTO","ENABLE","NONE","0.0","0.0","1 200.0","1 200.0","0.0","5.0","LOW","NO","NONE","NONE","NONE","ALL","","","","","","","","","","","","","","","Sensor","PID","NONE","YES","NO","REJECT","NO","1 000","300 000","0","NO","NO","0","chamber_given_temp","YES","5 000.0","0.0","Milliseconds","DISABLE","0.0000","Absolute","0","NO","NO","YES","0.0","65 535.0","0.0","1 600.0","DISABLE",""
"AI","PID_GIVEN_TEMP","","temeprature givent by PID","ON","1","0","SIM","","57","","0.0","1 600.0","","AUTO","ENABLE","NONE","0.0","0.0","1 200.0","1 200.0","0.0","5.0","LOW","NO","NONE","NONE","NONE","ALL","","","","","","","","","","","","","","","Sensor","PID","NONE","YES","NO","REJECT","NO","1 000","300 000","0","NO","NO","0","chamber_given_temp","YES","5 000.0","0.0","Milliseconds","DISABLE","0.0000","Absolute","0","NO","NO","YES","0.0","65 535.0","0.0","1 600.0","DISABLE",""
"AI","PID_TEMP","","actual temeprature in chamber","ON","1","0","SIM","","37","","0.0","1 600.0","","AUTO","ENABLE","NONE","0.0","0.0","1 200.0","1 200.0","0.0","5.0","LOW","NO","NONE","NONE","NONE","ALL","","","","","","","","","","","","","","","Sensor","PID","NONE","YES","NO","REJECT","NO","1 000","300 000","0","NO","NO","0","PID_TEMP","YES","5 000.0","0.0","Milliseconds","DISABLE","0.0000","Absolute","0","NO","NO","YES","0.0","65 535.0","0.0","1 600.0","DISABLE",""
"AI","REGADAAI","","Текущее положение клапана Regada 4-20мА","ON","1","0","SIM","","27","","0.0","24.0","","AUTO","ENABLE","NONE","4.0","0.0","0.0","20.0","0.0","1.0","LOW","YES","NONE","NONE","NONE","ALL","","","","","","","","","","","","","","","Valve","Regada","NONE","YES","NO","REJECT","NO","1 000","300 000","0","NO","NO","0","RegadaAI","NO","30 000.0","0.0","Milliseconds","DISABLE","0.0000","Absolute","0","NO","NO","YES","0.0","65 535.0","0.0","24.0","DISABLE",""
"AI","REGADAAQ","","Уставка требуемой позиции клапана Regada 4-20мА","ON","1","0","SIM","","34","","0.0","24.0","","AUTO","ENABLE","NONE","4.0","0.0","0.0","20.0","0.0","5.0","LOW","YES","NONE","NONE","NONE","ALL","","","","","","","","","","","","","","","Valve","","NONE","YES","NO","REJECT","NO","1 000","300 000","0","NO","NO","0","RegadaAQ","YES","5 000.0","0.0","Milliseconds","DISABLE","0.0000","Absolute","0","NO","NO","YES","0.0","65 535.0","0.0","24.0","DISABLE",""
"AI","RHM_1","","Cooling water consumption","ON","1","0","SIM","","38","","0.0","100.0","","AUTO","DISABLE","NONE","0.0","50.0","58.0","60.0","0.0","5.0","LOW","NO","NONE","NONE","NONE","ALL","","","","","","","","","","","","","","","Sensor","RHM","NONE","YES","NO","REJECT","NO","1 000","300 000","0","NO","NO","0","RHM_1","YES","5 000.0","0.0","Milliseconds","ENABLE","0.0000","Percentage","10","NO","NO","YES","0.0","65 535.0","0.0","100.0","DISABLE",""
"AI","SU","","Показания сигнализатора уровня СУ","ON","1","0","SIM","","32","","0","100","","AUTO","ENABLE","NONE","0","0","100","100","0","5","LOW","YES","NONE","NONE","NONE","ALL","","","","","","","","","","","","","","","Sensor","LevelSensor","NONE","YES","NO","REJECT","NO","1 000","300 000","0","NO","NO","0","SU","YES","30 000.0","0.0","Milliseconds","DISABLE","0.0000","Absolute","0","NO","NO","YES","0","65 535","0","100","DISABLE",""
"AI","THERMOCOUPLE_GIVEN_POSITION","","given position of thermocouple","ON","1","0","SIM","","62","","0","3 200","","AUTO","ENABLE","NONE","0","0","1 200","1 200","0","5","LOW","YES","NONE","NONE","NONE","ALL","","","","","","","","","","","","","","","TC","thermocouple","NONE","YES","NO","REJECT","NO","1 000","300 000","0","NO","NO","0","thermocouple_given_position","YES","5 000.0","0.0","Milliseconds","DISABLE","0.0000","Absolute","0","NO","NO","YES","0","65 535","0","3 200","DISABLE",""
"AI","THERMOCOUPLE_MAX_POSITION_LIMIT","","MAX limit for position of thermocouple","ON","1","0","SIM","","60","","0","3 200","","AUTO","ENABLE","NONE","0","0","1 200","1 200","0","5","LOW","NO","NONE","NONE","NONE","ALL","","","","","","","","","","","","","","","TC","thermocouple","NONE","YES","NO","REJECT","NO","1 000","300 000","0","NO","NO","0","thermocouple_max_position_limit","YES","5 000.0","0.0","Milliseconds","DISABLE","0.0000","Absolute","0","NO","NO","YES","0","65 535","0","3 200","DISABLE",""
"AI","THERMOCOUPLE_MEASURED_POSITION","","measured position of thermocouple","ON","1","0","SIM","","59","","0","3 200","","AUTO","ENABLE","NONE","0","0","1 200","1 200","0","5","LOW","NO","NONE","NONE","NONE","ALL","","","","","","","","","","","","","","","TC","thermocouple","NONE","YES","NO","REJECT","NO","1 000","300 000","0","NO","NO","0","thermocouple_position","YES","5 000.0","0.0","Milliseconds","DISABLE","0.0000","Absolute","0","NO","NO","YES","0","65 535","0","3 200","DISABLE",""
"AI","THERMOCOUPLE_MIN_POSITION_LIMIT","","MIN limit position of thermocouple","ON","1","0","SIM","","61","","0","3 200","","AUTO","ENABLE","NONE","0","0","1 200","1 200","0","5","LOW","NO","NONE","NONE","NONE","ALL","","","","","","","","","","","","","","","TC","thermocouple","NONE","YES","NO","REJECT","NO","1 000","300 000","0","NO","NO","0","thermocouple_min_position_limit","YES","5 000.0","0.0","Milliseconds","DISABLE","0.0000","Absolute","0","NO","NO","YES","0","65 535","0","3 200","DISABLE",""
"AI","THERMOCOUPLE_REMAINING_TIME_FOR_REPLACEMENT","","timer for replacement of thermocouple","ON","1","0","SIM","","63","","0","3 200","","AUTO","ENABLE","NONE","0","0","1 200","1 200","0","5","LOW","NO","NONE","NONE","NONE","ALL","","","","","","","","","","","","","","","TC","thermocouple","NONE","YES","NO","REJECT","NO","1 000","300 000","0","NO","NO","0","thermocouple_remaining_time_for_replacement","YES","5 000.0","0.0","Milliseconds","DISABLE","0.0000","Absolute","0","NO","NO","YES","0","65 535","0","3 200","DISABLE",""
"AI","THERMOCOUPLE_REMAINING_TIME_TILL_STEP","","timer to move thermocouple on fixed step","ON","1","0","SIM","","64","","0","3 200","","AUTO","ENABLE","NONE","0","0","1 200","1 200","0","5","LOW","NO","NONE","NONE","NONE","ALL","","","","","","","","","","","","","","","TC","thermocouple","NONE","YES","NO","REJECT","NO","1 000","300 000","0","NO","NO","0","thermocouple_remaining_time_till_step","YES","5 000.0","0.0","Milliseconds","DISABLE","0.0000","Absolute","0","NO","NO","YES","0","65 535","0","3 200","DISABLE",""
"AI","TRZ","","Natural gas consumption","ON","1","0","SIM","","39","","0.0","100.0","","AUTO","DISABLE","NONE","3.0","5.0","35.0","40.0","0.0","5.0","LOW","NO","NONE","NONE","NONE","ALL","","","","","","","","","","","","","","","Sensor","RHM","NONE","YES","NO","REJECT","NO","1 000","300 000","0","NO","NO","0","RHM_2","YES","5 000.0","0.0","Milliseconds","ENABLE","0.0000","Percentage","10","NO","NO","YES","0.0","65 535.0","0.0","100.0","DISABLE",""

[BLOCK TYPE,Tag,Next block,Description,I/O device,H/W options,I/O address,Initial A/M status,Initial scan,Scan time,Invert output,Open tag,Close tag,Alarm enable,Alarm area(s),Alarm priority,Alarm type,Event messages,Security area 1,Security area 2,Security area 3,Enable output,Alarm area 1,Alarm area 2,Alarm area 3,Alarm area 4,Alarm area 5,Alarm area 6,Alarm area 7,Alarm area 8,Alarm area 9,Alarm area 10,Alarm area 11,Alarm area 12,Alarm area 13,Alarm area 14,Alarm area 15,User field 1,User field 2,ESIG type,ESIG allow cont use,ESIG xmpt alarm ack,ESIG unsigned writes,ESIG cmnt required,PDR update rate,PDR access time,PDR deadband,PDR latch,PDR disable output,PDR array length,Hist tag description,Hist collect,Hist interval,Hist offset,Hist time resolution,Hist compression,Hist deadband,Hist compress type,Hist compress time,Shelve enable,Shelve policy]
!A_NAME,A_TAG,A_NEXT,A_DESC,A_IODV,A_IOHT,A_IOAD,A_IAM,A_ISCAN,A_SCANT,A_INV,A_OPENDESC,A_CLOSEDESC,A_IENAB,A_ADI,A_PRI,A_ALMCK,A_EVENT,A_SA1,A_SA2,A_SA3,A_EOUT,A_AREA1,A_AREA2,A_AREA3,A_AREA4,A_AREA5,A_AREA6,A_AREA7,A_AREA8,A_AREA9,A_AREA10,A_AREA11,A_AREA12,A_AREA13,A_AREA14,A_AREA15,A_ALMEXT1,A_ALMEXT2,A_ESIGTYPE,A_ESIGCONT,A_ESIGACK,A_ESIGTRAP,A_ESIGREQ_COMMENT,A_PDR_UPDATERATE,A_PDR_ACCESSTIME,A_PDR_DEADBAND,A_PDR_LATCHDATA,A_PDR_DISABLEOUT,A_PDR_ARRAYLENGTH,A_HIST_DESC,A_HIST_COLLECT,A_HIST_INTERVAL,A_HIST_OFFSET,A_HIST_TIMERES,A_HIST_COMPRESS,A_HIST_DEADBAND,A_HIST_COMPTYPE,A_HIST_COMPTIME,A_IALMSHLVENAB,A_ALMSHELVEPOLICY!
"DI","A05_DI28","","Резерв KD. Уточнить назначение","SIM","","72:2","AUTO","ON","1","NO","Off","On","ENABLE","NONE","LOW","COS","DISABLE","NONE","NONE","NONE","YES","ALL","","","","","","","","","","","","","","","Valve","","NONE","YES","NO","REJECT","NO","1 000","300 000","0","NO","NO","0","","NO","5 000.0","0.0","Milliseconds","DISABLE","0.0000","Percentage","0","DISABLE",""
"DI","A05_DI29","","Резерв G1. Уточнить назначение","SIM","","73:2","AUTO","ON","1","NO","Off","On","ENABLE","NONE","LOW","COS","DISABLE","NONE","NONE","NONE","YES","ALL","","","","","","","","","","","","","","","Valve","","NONE","YES","NO","REJECT","NO","1 000","300 000","0","NO","NO","0","","NO","5 000.0","0.0","Milliseconds","DISABLE","0.0000","Percentage","0","DISABLE",""
"DI","A05_DI30","","Резерв G2. Уточнить назначение","SIM","","74:2","AUTO","ON","1","NO","Off","On","ENABLE","NONE","LOW","COS","DISABLE","NONE","NONE","NONE","YES","ALL","","","","","","","","","","","","","","","Valve","","NONE","YES","NO","REJECT","NO","1 000","300 000","0","NO","NO","0","","NO","5 000.0","0.0","Milliseconds","DISABLE","0.0000","Percentage","0","DISABLE",""
"DI","A05_DI31","","Резерв Fault KFD2. Уточнить назначение","SIM","","65:3","AUTO","ON","1","NO","Off","On","ENABLE","NONE","LOW","COS","DISABLE","NONE","NONE","NONE","YES","ALL","","","","","","","","","","","","","","","Valve","","NONE","YES","NO","REJECT","NO","1 000","300 000","0","NO","NO","0","","NO","5 000.0","0.0","Milliseconds","DISABLE","0.0000","Percentage","0","DISABLE",""
"DI","CABLE1","","Контроль стыковки 1. Уточнить.","SIM","","67:4","AUTO","ON","1","NO","Off","On","ENABLE","NONE","LOW","COS","DISABLE","NONE","NONE","NONE","YES","ALL","","","","","","","","","","","","","","","","Other","NONE","YES","NO","REJECT","NO","1 000","300 000","0","NO","NO","0","","YES","5 000.0","0.0","Milliseconds","DISABLE","0.0000","Percentage","0","DISABLE",""
"DI","CABLE2","","Контроль стыковки 2. Уточнить.","SIM","","68:4","AUTO","ON","1","NO","Off","On","ENABLE","NONE","LOW","COS","DISABLE","NONE","NONE","NONE","YES","ALL","","","","","","","","","","","","","","","","Other","NONE","YES","NO","REJECT","NO","1 000","300 000","0","NO","NO","0","","YES","5 000.0","0.0","Milliseconds","DISABLE","0.0000","Percentage","0","DISABLE",""
"DI","CABLE3","","Контроль стыковки 3. Уточнить.","SIM","","69:4","AUTO","ON","1","NO","Off","On","ENABLE","NONE","LOW","COS","DISABLE","NONE","NONE","NONE","YES","ALL","","","","","","","","","","","","","","","","Other","NONE","YES","NO","REJECT","NO","1 000","300 000","0","NO","NO","0","","YES","5 000.0","0.0","Milliseconds","DISABLE","0.0000","Percentage","0","DISABLE",""
"DI","CABLE4","","Контроль стыковки 4. Уточнить.","SIM","","70:4","AUTO","ON","1","NO","Off","On","ENABLE","NONE","LOW","COS","DISABLE","NONE","NONE","NONE","YES","ALL","","","","","","","","","","","","","","","","Other","NONE","YES","NO","REJECT","NO","1 000","300 000","0","NO","NO","0","","YES","5 000.0","0.0","Milliseconds","DISABLE","0.0000","Percentage","0","DISABLE",""
"DI","CABLE5","","Контроль стыковки 5. Уточнить.","SIM","","71:4","AUTO","ON","1","NO","Off","On","ENABLE","NONE","LOW","COS","DISABLE","NONE","NONE","NONE","YES","ALL","","","","","","","","","","","","","","","","Other","NONE","YES","NO","REJECT","NO","1 000","300 000","0","NO","NO","0","","YES","5 000.0","0.0","Milliseconds","DISABLE","0.0000","Percentage","0","DISABLE",""
"DI","CABLE6","","Контроль стыковки 6. Уточнить.","SIM","","72:4","AUTO","ON","1","NO","Off","On","ENABLE","NONE","LOW","COS","DISABLE","NONE","NONE","NONE","YES","ALL","","","","","","","","","","","","","","","","Other","NONE","YES","NO","REJECT","NO","1 000","300 000","0","NO","NO","0","","YES","5 000.0","0.0","Milliseconds","DISABLE","0.0000","Percentage","0","DISABLE",""
"DI","CLOSEDK1","","Прием сигнала K1 закрыт","SIM","","65:0","AUTO","ON","1","NO","Off","On","ENABLE","NONE","LOW","COS","DISABLE","NONE","NONE","NONE","YES","ALL","","","","","","","","","","","","","","","Valve","","NONE","YES","NO","REJECT","NO","1 000","300 000","0","NO","NO","0","A20_DI00","YES","5 000.0","0.0","Milliseconds","DISABLE","0.0000","Percentage","0","DISABLE",""
"DI","CLOSEDK3","","Прием сигнала K3 закрыт","SIM","","74:0","AUTO","ON","1","NO","Off","On","ENABLE","NONE","LOW","COS","DISABLE","NONE","NONE","NONE","YES","ALL","","","","","","","","","","","","","","","Valve","","NONE","YES","NO","REJECT","NO","1 000","300 000","0","NO","NO","0","","YES","5 000.0","0.0","Milliseconds","DISABLE","0.0000","Percentage","0","DISABLE",""
"DI","CLOSEDK4","","Прием сигнала K4 закрыт","SIM","","70:1","AUTO","ON","1","NO","Off","On","ENABLE","NONE","LOW","COS","DISABLE","NONE","NONE","NONE","YES","ALL","","","","","","","","","","","","","","","Valve","","NONE","YES","NO","REJECT","NO","1 000","300 000","0","NO","NO","0","","YES","5 000.0","0.0","Milliseconds","DISABLE","0.0000","Percentage","0","DISABLE",""
"DI","CLOSEDK5","","Прием сигнала K5 закрыт","SIM","","66:2","AUTO","ON","1","NO","Off","On","ENABLE","NONE","LOW","COS","DISABLE","NONE","NONE","NONE","YES","ALL","","","","","","","","","","","","","","","Valve","","NONE","YES","NO","REJECT","NO","1 000","300 000","0","NO","NO","0","","YES","5 000.0","0.0","Milliseconds","DISABLE","0.0000","Percentage","0","DISABLE",""
"DI","CLOSEK1","","Выдача сигнала на закрытие К1","SIM","","72:8","AUTO","ON","1","NO","Off","On","ENABLE","NONE","LOW","COS","DISABLE","NONE","NONE","NONE","YES","ALL","","","","","","","","","","","","","","","Valve","Valve","NONE","YES","NO","REJECT","NO","1 000","300 000","0","NO","NO","0","","YES","5 000.0","0.0","Milliseconds","DISABLE","0.0000","Percentage","0","DISABLE",""
"DI","CLOSEK2","","Выдача сигнала на закрытие К2","SIM","","65:9","AUTO","ON","1","NO","Off","On","ENABLE","NONE","LOW","COS","DISABLE","NONE","NONE","NONE","YES","ALL","","","","","","","","","","","","","","","Valve","Valve","NONE","YES","NO","REJECT","NO","1 000","300 000","0","NO","NO","0","","YES","5 000.0","0.0","Milliseconds","DISABLE","0.0000","Percentage","0","DISABLE",""
"DI","CLOSEK3","","Выдача сигнала на закрытие К3","SIM","","69:9","AUTO","ON","1","NO","Off","On","ENABLE","NONE","LOW","COS","DISABLE","NONE","NONE","NONE","YES","ALL","","","","","","","","","","","","","","","Valve","Valve","NONE","YES","NO","REJECT","NO","1 000","300 000","0","NO","NO","0","","YES","5 000.0","0.0","Milliseconds","DISABLE","0.0000","Percentage","0","DISABLE",""
"DI","CLOSEK4","","Выдача сигнала на закрытие К4","SIM","","72:9","AUTO","ON","1","NO","Off","On","ENABLE","NONE","LOW","COS","DISABLE","NONE","NONE","NONE","YES","ALL","","","","","","","","","","","","","","","Valve","Valve","NONE","YES","NO","REJECT","NO","1 000","300 000","0","NO","NO","0","","YES","5 000.0","0.0","Milliseconds","DISABLE","0.0000","Percentage","0","DISABLE",""
"DI","CLOSEK5","","Выдача сигнала на закрытие К5","SIM","","65:10","AUTO","ON","1","NO","Off","On","ENABLE","NONE","LOW","COS","DISABLE","NONE","NONE","NONE","YES","ALL","","","","","","","","","","","","","","","Valve","Valve","NONE","YES","NO","REJECT","NO","1 000","300 000","0","NO","NO","0","","YES","5 000.0","0.0","Milliseconds","DISABLE","0.0000","Percentage","0","DISABLE",""
"DI","D1_PTE","","Управляющий сигнал D1 на ПИД регулятор. См. Руководство РТЭ-41Р","SIM","","68:10","AUTO","ON","1","NO","Off","On","ENABLE","NONE","LOW","COS","DISABLE","NONE","NONE","NONE","YES","ALL","","","","","","","","","","","","","","","Sensor","PID","NONE","YES","NO","REJECT","NO","1 000","300 000","0","NO","NO","0","","YES","5 000.0","0.0","Milliseconds","DISABLE","0.0000","Percentage","0","DISABLE",""
"DI","D2_PTE","","Управляющий сигнал D2 на ПИД регулятор. См. Руководство РТЭ-41Р","SIM","","69:10","AUTO","ON","1","NO","Off","On","ENABLE","NONE","LOW","COS","DISABLE","NONE","NONE","NONE","YES","ALL","","","","","","","","","","","","","","","Sensor","PID","NONE","YES","NO","REJECT","NO","1 000","300 000","0","NO","NO","0","","YES","5 000.0","0.0","Milliseconds","DISABLE","0.0000","Percentage","0","DISABLE",""
"DI","ECS_EGS_ALARM","","exhaust gases system emergency","SIM","","68:7","AUTO","ON","1","NO","Off","On","ENABLE","NONE","LOW","COS","DISABLE","NONE","NONE","NONE","YES","ALL","","","","","","","","","","","","","","","ECS","exhaust gases system","NONE","YES","NO","REJECT","NO","1 000","300 000","0","NO","NO","0","","NO","5 000.0","0.0","Milliseconds","DISABLE","0.0000","Absolute","0","DISABLE",""
"DI","ECS_EGS_OFF","","exhaust gases system IS stopped","SIM","","67:7","AUTO","ON","1","NO","Off","On","ENABLE","NONE","LOW","COS","DISABLE","NONE","NONE","NONE","YES","ALL","","","","","","","","","","","","","","","ECS","exhaust gases system","NONE","YES","NO","REJECT","NO","1 000","300 000","0","NO","NO","0","","NO","5 000.0","0.0","Milliseconds","DISABLE","0.0000","Absolute","0","DISABLE",""
"DI","ECS_EGS_ON","","exhaust gases system IS running","SIM","","66:7","AUTO","ON","1","NO","Off","On","ENABLE","NONE","LOW","COS","DISABLE","NONE","NONE","NONE","YES","ALL","","","","","","","","","","","","","","","ECS","exhaust gases system","NONE","YES","NO","REJECT","NO","1 000","300 000","0","NO","NO","0","","NO","5 000.0","0.0","Milliseconds","DISABLE","0.0000","Absolute","0","DISABLE",""
"DI","ECS_EGS_SET_EMERG_STOP","","exhaust gases system emergency Off command","SIM","","66:12","AUTO","ON","1","NO","Off","On","ENABLE","NONE","LOW","COS","DISABLE","NONE","NONE","NONE","YES","ALL","","","","","","","","","","","","","","","ECS","exhaust gases","NONE","YES","NO","REJECT","NO","1 000","300 000","0","NO","NO","0","","NO","5 000.0","0.0","Milliseconds","DISABLE","0.0000","Absolute","0","DISABLE",""
"DI","ECS_EGS_SET_OFF","","exhaust gases system Off command","SIM","","65:12","AUTO","ON","1","NO","Off","On","ENABLE","NONE","LOW","COS","DISABLE","NONE","NONE","NONE","YES","ALL","","","","","","","","","","","","","","","ECS","exhaust gases","NONE","YES","NO","REJECT","NO","1 000","300 000","0","NO","NO","0","","NO","5 000.0","0.0","Milliseconds","DISABLE","0.0000","Absolute","0","DISABLE",""
"DI","ECS_EGS_SET_ON","","exhaust gases system on command","SIM","","74:11","AUTO","ON","1","NO","Off","On","ENABLE","NONE","LOW","COS","DISABLE","NONE","NONE","NONE","YES","ALL","","","","","","","","","","","","","","","ECS","exhaust gases","NONE","YES","NO","REJECT","NO","1 000","300 000","0","NO","NO","0","","NO","5 000.0","0.0","Milliseconds","DISABLE","0.0000","Absolute","0","DISABLE",""
"DI","ECS_EMERGENCY","","Indication of noncritical failures in ECS","SIM","","67:5","AUTO","ON","1","NO","Off","On","ENABLE","NONE","LOW","COS","DISABLE","NONE","NONE","NONE","YES","ALL","","","","","","","","","","","","","","","ECS","ECS","NONE","YES","NO","REJECT","NO","1 000","300 000","0","NO","NO","0","","NO","5 000.0","0.0","Milliseconds","DISABLE","0.0000","Absolute","0","DISABLE",""
"DI","ECS_GC_SET_OFF","","gas system Off command","SIM","","66:11","AUTO","ON","1","NO","Off","On","ENABLE","NONE","LOW","COS","DISABLE","NONE","NONE","NONE","YES","ALL","","","","","","","","","","","","","","","ECS","gas system","NONE","YES","NO","REJECT","NO","1 000","300 000","0","NO","NO","0","","NO","5 000.0","0.0","Milliseconds","DISABLE","0.0000","Absolute","0","DISABLE",""
"DI","ECS_GC_SET_ON","","gas system on command","SIM","","65:11","AUTO","ON","1","NO","Off","On","ENABLE","NONE","LOW","COS","DISABLE","NONE","NONE","NONE","YES","ALL","","","","","","","","","","","","","","","ECS","gas system","NONE","YES","NO","REJECT","NO","1 000","300 000","0","NO","NO","0","","NO","5 000.0","0.0","Milliseconds","DISABLE","0.0000","Absolute","0","DISABLE",""
"DI","ECS_GS_ALARM","","gas system emergency","SIM","","73:5","AUTO","ON","1","NO","Off","On","ENABLE","NONE","LOW","COS","DISABLE","NONE","NONE","NONE","YES","ALL","","","","","","","","","","","","","","","ECS","gas system","NONE","YES","NO","REJECT","NO","1 000","300 000","0","NO","NO","0","","NO","5 000.0","0.0","Milliseconds","DISABLE","0.0000","Absolute","0","DISABLE",""
"DI","ECS_GS_GAS_CONCETRATION_EMERGENCY","","Concentration of natural gas exceeds the normal value (emergency indication)","SIM","","66:6","AUTO","ON","1","NO","Off","On","ENABLE","NONE","LOW","COS","DISABLE","NONE","NONE","NONE","YES","ALL","","","","","","","","","","","","","","","ECS","gas system","NONE","YES","NO","REJECT","NO","1 000","300 000","0","NO","NO","0","","NO","5 000.0","0.0","Milliseconds","DISABLE","0.0000","Absolute","0","DISABLE",""
"DI","ECS_GS_GAS_CONCETRATION_NORM","","Concentration of natural gas does not exceed the normal value","SIM","","74:5","AUTO","ON","1","NO","Off","On","ENABLE","NONE","LOW","COS","DISABLE","NONE","NONE","NONE","YES","ALL","","","","","","","","","","","","","","","ECS","gas system","NONE","YES","NO","REJECT","NO","1 000","300 000","0","NO","NO","0","","NO","5 000.0","0.0","Milliseconds","DISABLE","0.0000","Absolute","0","DISABLE",""
"DI","ECS_GS_GAS_CONCETRATION_WARNING","","Concentration of natural gas exceeds the normal value (warning indication)","SIM","","65:6","AUTO","ON","1","NO","Off","On","ENABLE","NONE","LOW","COS","DISABLE","NONE","NONE","NONE","YES","ALL","","","","","","","","","","","","","","","ECS","gas system","NONE","YES","NO","REJECT","NO","1 000","300 000","0","NO","NO","0","","NO","5 000.0","0.0","Milliseconds","DISABLE","0.0000","Absolute","0","DISABLE",""
"DI","ECS_GS_OFF","","gas system IS stopped","SIM","","72:5","AUTO","ON","1","NO","Off","On","ENABLE","NONE","LOW","COS","DISABLE","NONE","NONE","NONE","YES","ALL","","","","","","","","","","","","","","","ECS","gas system","NONE","YES","NO","REJECT","NO","1 000","300 000","0","NO","NO","0","","NO","5 000.0","0.0","Milliseconds","DISABLE","0.0000","Absolute","0","DISABLE",""
"DI","ECS_GS_ON","","gas system IS running","SIM","","71:5","AUTO","ON","1","NO","Off","On","ENABLE","NONE","LOW","COS","DISABLE","NONE","NONE","NONE","YES","ALL","","","","","","","","","","","","","","","ECS","gas system","NONE","YES","NO","REJECT","NO","1 000","300 000","0","NO","NO","0","","NO","5 000.0","0.0","Milliseconds","DISABLE","0.0000","Absolute","0","DISABLE",""
"DI","ECS_GS_SET_EMERG_STOP","","gas system emergency Off command","SIM","","67:11","AUTO","ON","1","NO","Off","On","ENABLE","NONE","LOW","COS","DISABLE","NONE","NONE","NONE","YES","ALL","","","","","","","","","","","","","","","ECS","gas system","NONE","YES","NO","REJECT","NO","1 000","300 000","0","NO","NO","0","","NO","5 000.0","0.0","Milliseconds","DISABLE","0.0000","Absolute","0","DISABLE",""
"DI","ECS_IS_CONNECTED","","indicates connetion with ECS","SIM","","74:4","AUTO","ON","1","NO","Off","On","ENABLE","NONE","LOW","COS","DISABLE","NONE","NONE","NONE","YES","ALL","","","","","","","","","","","","","","","ECS","ECS","NONE","YES","NO","REJECT","NO","1 000","300 000","0","NO","NO","0","","NO","5 000.0","0.0","Milliseconds","DISABLE","0.0000","Absolute","0","DISABLE",""
"DI","ECS_MALFUNCTION","","Indication for emergency completion of GF-2 CC operation","SIM","","66:5","AUTO","ON","1","NO","Off","On","ENABLE","NONE","LOW","COS","DISABLE","NONE","NONE","NONE","YES","ALL","","","","","","","","","","","","","","","ECS","ECS","NONE","YES","NO","REJECT","NO","1 000","300 000","0","NO","NO","0","","NO","5 000.0","0.0","Milliseconds","DISABLE","0.0000","Absolute","0","DISABLE",""
"DI","ECS_NS_ALARM","","nitrogen system emergency","SIM","","69:6","AUTO","ON","1","NO","Off","On","ENABLE","NONE","LOW","COS","DISABLE","NONE","NONE","NONE","YES","ALL","","","","","","","","","","","","","","","ECS","gas system","NONE","YES","NO","REJECT","NO","1 000","300 000","0","NO","NO","0","","NO","5 000.0","0.0","Milliseconds","DISABLE","0.0000","Absolute","0","DISABLE",""
"DI","ECS_NS_OFF","","nitrogen system IS stopped","SIM","","68:6","AUTO","ON","1","NO","Off","On","ENABLE","NONE","LOW","COS","DISABLE","NONE","NONE","NONE","YES","ALL","","","","","","","","","","","","","","","ECS","gas system","NONE","YES","NO","REJECT","NO","1 000","300 000","0","NO","NO","0","","NO","5 000.0","0.0","Milliseconds","DISABLE","0.0000","Absolute","0","DISABLE",""
"DI","ECS_NS_ON","","nitrogen system IS running","SIM","","67:6","AUTO","ON","1","NO","Off","On","ENABLE","NONE","LOW","COS","DISABLE","NONE","NONE","NONE","YES","ALL","","","","","","","","","","","","","","","ECS","gas system","NONE","YES","NO","REJECT","NO","1 000","300 000","0","NO","NO","0","","NO","5 000.0","0.0","Milliseconds","DISABLE","0.0000","Absolute","0","DISABLE",""
"DI","ECS_OPERATION_PERMISSION","","Permission for initiation of GF-2 CC operation","SIM","","65:5","AUTO","ON","1","NO","Off","On","ENABLE","NONE","LOW","COS","DISABLE","NONE","NONE","NONE","YES","ALL","","","","","","","","","","","","","","","ECS","ECS","NONE","YES","NO","REJECT","NO","1 000","300 000","0","NO","NO","0","","NO","5 000.0","0.0","Milliseconds","DISABLE","0.0000","Absolute","0","DISABLE",""
"DI","ECS_PS_ALARM","","power source emergency","SIM","","71:7","AUTO","ON","1","NO","Off","On","ENABLE","NONE","LOW","COS","DISABLE","NONE","NONE","NONE","YES","ALL","","","","","","","","","","","","","","","ECS","power source","NONE","YES","NO","REJECT","NO","1 000","300 000","0","NO","NO","0","","NO","5 000.0","0.0","Milliseconds","DISABLE","0.0000","Absolute","0","DISABLE",""
"DI","ECS_PS_OFF","","power source IS stopped","SIM","","70:7","AUTO","ON","1","NO","Off","On","ENABLE","NONE","LOW","COS","DISABLE","NONE","NONE","NONE","YES","ALL","","","","","","","","","","","","","","","ECS","power source","NONE","YES","NO","REJECT","NO","1 000","300 000","0","NO","NO","0","","NO","5 000.0","0.0","Milliseconds","DISABLE","0.0000","Absolute","0","DISABLE",""
"DI","ECS_PS_ON","","power source IS running","SIM","","69:7","AUTO","ON","1","NO","Off","On","ENABLE","NONE","LOW","COS","DISABLE","NONE","NONE","NONE","YES","ALL","","","","","","","","","","","","","","","ECS","power source","NONE","YES","NO","REJECT","NO","1 000","300 000","0","NO","NO","0","","NO","5 000.0","0.0","Milliseconds","DISABLE","0.0000","Absolute","0","DISABLE",""
"DI","ECS_PS_SET_EMERG_STOP","","power source emergency Off command","SIM","","69:12","AUTO","ON","1","NO","Off","On","ENABLE","NONE","LOW","COS","DISABLE","NONE","NONE","NONE","YES","ALL","","","","","","","","","","","","","","","ECS","power source","NONE","YES","NO","REJECT","NO","1 000","300 000","0","NO","NO","0","","NO","5 000.0","0.0","Milliseconds","DISABLE","0.0000","Absolute","0","DISABLE",""
"DI","ECS_PS_SET_OFF","","power source Off command","SIM","","68:12","AUTO","ON","1","NO","Off","On","ENABLE","NONE","LOW","COS","DISABLE","NONE","NONE","NONE","YES","ALL","","","","","","","","","","","","","","","ECS","power source","NONE","YES","NO","REJECT","NO","1 000","300 000","0","NO","NO","0","","NO","5 000.0","0.0","Milliseconds","DISABLE","0.0000","Absolute","0","DISABLE",""
"DI","ECS_PS_SET_ON","","power source on command","SIM","","67:12","AUTO","ON","1","NO","Off","On","ENABLE","NONE","LOW","COS","DISABLE","NONE","NONE","NONE","YES","ALL","","","","","","","","","","","","","","","ECS","power source","NONE","YES","NO","REJECT","NO","1 000","300 000","0","NO","NO","0","","NO","5 000.0","0.0","Milliseconds","DISABLE","0.0000","Absolute","0","DISABLE",""
"DI","ECS_VENT_ALARM","","ventilation system emergency","SIM","","65:7","AUTO","ON","1","NO","Off","On","ENABLE","NONE","LOW","COS","DISABLE","NONE","NONE","NONE","YES","ALL","","","","","","","","","","","","","","","ECS","ventilation system","NONE","YES","NO","REJECT","NO","1 000","300 000","0","NO","NO","0","","NO","5 000.0","0.0","Milliseconds","DISABLE","0.0000","Absolute","0","DISABLE",""
"DI","ECS_VENT_OFF","","ventilation system IS stopped","SIM","","74:6","AUTO","ON","1","NO","Off","On","ENABLE","NONE","LOW","COS","DISABLE","NONE","NONE","NONE","YES","ALL","","","","","","","","","","","","","","","ECS","ventilation system","NONE","YES","NO","REJECT","NO","1 000","300 000","0","NO","NO","0","","NO","5 000.0","0.0","Milliseconds","DISABLE","0.0000","Absolute","0","DISABLE",""
"DI","ECS_VENT_ON","","ventilation system IS running","SIM","","73:6","AUTO","ON","1","NO","Off","On","ENABLE","NONE","LOW","COS","DISABLE","NONE","NONE","NONE","YES","ALL","","","","","","","","","","","","","","","ECS","ventilation system","NONE","YES","NO","REJECT","NO","1 000","300 000","0","NO","NO","0","","NO","5 000.0","0.0","Milliseconds","DISABLE","0.0000","Absolute","0","DISABLE",""
"DI","ECS_VENT_SET_EMERG_STOP","","ventilation system emergency Off command","SIM","","73:11","AUTO","ON","1","NO","Off","On","ENABLE","NONE","LOW","COS","DISABLE","NONE","NONE","NONE","YES","ALL","","","","","","","","","","","","","","","ECS","ventilation","NONE","YES","NO","REJECT","NO","1 000","300 000","0","NO","NO","0","","NO","5 000.0","0.0","Milliseconds","DISABLE","0.0000","Absolute","0","DISABLE",""
"DI","ECS_VENT_SET_OFF","","ventilation system Off command","SIM","","72:11","AUTO","ON","1","NO","Off","On","ENABLE","NONE","LOW","COS","DISABLE","NONE","NONE","NONE","YES","ALL","","","","","","","","","","","","","","","ECS","ventilation","NONE","YES","NO","REJECT","NO","1 000","300 000","0","NO","NO","0","","NO","5 000.0","0.0","Milliseconds","DISABLE","0.0000","Absolute","0","DISABLE",""
"DI","ECS_VENT_SET_ON","","ventilation system on command","SIM","","71:11","AUTO","ON","1","NO","Off","On","ENABLE","NONE","LOW","COS","DISABLE","NONE","NONE","NONE","YES","ALL","","","","","","","","","","","","","","","ECS","ventilation","NONE","YES","NO","REJECT","NO","1 000","300 000","0","NO","NO","0","","NO","5 000.0","0.0","Milliseconds","DISABLE","0.0000","Absolute","0","DISABLE",""
"DI","ECS_VES_ALARM","","valves energizing system emergency","SIM","","72:6","AUTO","ON","1","NO","Off","On","ENABLE","NONE","LOW","COS","DISABLE","NONE","NONE","NONE","YES","ALL","","","","","","","","","","","","","","","ECS","valves energizing","NONE","YES","NO","REJECT","NO","1 000","300 000","0","NO","NO","0","","NO","5 000.0","0.0","Milliseconds","DISABLE","0.0000","Absolute","0","DISABLE",""
"DI","ECS_VES_OFF","","valves energizing system IS stopped","SIM","","71:6","AUTO","ON","1","NO","Off","On","ENABLE","NONE","LOW","COS","DISABLE","NONE","NONE","NONE","YES","ALL","","","","","","","","","","","","","","","ECS","valves energizing","NONE","YES","NO","REJECT","NO","1 000","300 000","0","NO","NO","0","","NO","5 000.0","0.0","Milliseconds","DISABLE","0.0000","Absolute","0","DISABLE",""
"DI","ECS_VES_ON","","valves energizing system IS running","SIM","","70:6","AUTO","ON","1","NO","Off","On","ENABLE","NONE","LOW","COS","DISABLE","NONE","NONE","NONE","YES","ALL","","","","","","","","","","","","","","","ECS","valves energizing","NONE","YES","NO","REJECT","NO","1 000","300 000","0","NO","NO","0","","NO","5 000.0","0.0","Milliseconds","DISABLE","0.0000","Absolute","0","DISABLE",""
"DI","ECS_VES_SET_EMERG_STOP","","valves energizing system emergency Off command","SIM","","70:11","AUTO","ON","1","NO","Off","On","ENABLE","NONE","LOW","COS","DISABLE","NONE","NONE","NONE","YES","ALL","","","","","","","","","","","","","","","ECS","valves energizing","NONE","YES","NO","REJECT","NO","1 000","300 000","0","NO","NO","0","","NO","5 000.0","0.0","Milliseconds","DISABLE","0.0000","Absolute","0","DISABLE",""
"DI","ECS_VES_SET_OFF","","valves energizing system  Off command","SIM","","69:11","AUTO","ON","1","NO","Off","On","ENABLE","NONE","LOW","COS","DISABLE","NONE","NONE","NONE","YES","ALL","","","","","","","","","","","","","","","ECS","valves energizing","NONE","YES","NO","REJECT","NO","1 000","300 000","0","NO","NO","0","","NO","5 000.0","0.0","Milliseconds","DISABLE","0.0000","Absolute","0","DISABLE",""
"DI","ECS_VES_SET_ON","","valves energizing system  on command","SIM","","68:11","AUTO","ON","1","NO","Off","On","ENABLE","NONE","LOW","COS","DISABLE","NONE","NONE","NONE","YES","ALL","","","","","","","","","","","","","","","ECS","valves energizing","NONE","YES","NO","REJECT","NO","1 000","300 000","0","NO","NO","0","","NO","5 000.0","0.0","Milliseconds","DISABLE","0.0000","Absolute","0","DISABLE",""
"DI","ECS_VS_ALARM","","vacuum system emergency","SIM","","74:7","AUTO","ON","1","NO","Off","On","ENABLE","NONE","LOW","COS","DISABLE","NONE","NONE","NONE","YES","ALL","","","","","","","","","","","","","","","ECS","vacuum system","NONE","YES","NO","REJECT","NO","1 000","300 000","0","NO","NO","0","","NO","5 000.0","0.0","Milliseconds","DISABLE","0.0000","Absolute","0","DISABLE",""
"DI","ECS_VS_OFF","","vacuum system IS stopped","SIM","","73:7","AUTO","ON","1","NO","Off","On","ENABLE","NONE","LOW","COS","DISABLE","NONE","NONE","NONE","YES","ALL","","","","","","","","","","","","","","","ECS","vacuum system","NONE","YES","NO","REJECT","NO","1 000","300 000","0","NO","NO","0","","NO","5 000.0","0.0","Milliseconds","DISABLE","0.0000","Absolute","0","DISABLE",""
"DI","ECS_VS_ON","","vacuum system IS running","SIM","","72:7","AUTO","ON","1","NO","Off","On","ENABLE","NONE","LOW","COS","DISABLE","NONE","NONE","NONE","YES","ALL","","","","","","","","","","","","","","","ECS","vacuum system","NONE","YES","NO","REJECT","NO","1 000","300 000","0","NO","NO","0","","NO","5 000.0","0.0","Milliseconds","DISABLE","0.0000","Absolute","0","DISABLE",""
"DI","ECS_VS_SET_EMERG_STOP","","vacuum system emergency Off command","SIM","","72:12","AUTO","ON","1","NO","Off","On","ENABLE","NONE","LOW","COS","DISABLE","NONE","NONE","NONE","YES","ALL","","","","","","","","","","","","","","","ECS","vacuum system","NONE","YES","NO","REJECT","NO","1 000","300 000","0","NO","NO","0","","NO","5 000.0","0.0","Milliseconds","DISABLE","0.0000","Absolute","0","DISABLE",""
"DI","ECS_VS_SET_OFF","","vacuum system Off command","SIM","","71:12","AUTO","ON","1","NO","Off","On","ENABLE","NONE","LOW","COS","DISABLE","NONE","NONE","NONE","YES","ALL","","","","","","","","","","","","","","","ECS","vacuum system","NONE","YES","NO","REJECT","NO","1 000","300 000","0","NO","NO","0","","NO","5 000.0","0.0","Milliseconds","DISABLE","0.0000","Absolute","0","DISABLE",""
"DI","ECS_VS_SET_ON","","vacuum system on command","SIM","","70:12","AUTO","ON","1","NO","Off","On","ENABLE","NONE","LOW","COS","DISABLE","NONE","NONE","NONE","YES","ALL","","","","","","","","","","","","","","","ECS","vacuum system","NONE","YES","NO","REJECT","NO","1 000","300 000","0","NO","NO","0","","NO","5 000.0","0.0","Milliseconds","DISABLE","0.0000","Absolute","0","DISABLE",""
"DI","ECS_WC_ALARM","","water cooling emergency","SIM","","70:5","AUTO","ON","1","NO","Off","On","ENABLE","NONE","LOW","COS","DISABLE","NONE","NONE","NONE","YES","ALL","","","","","","","","","","","","","","","ECS","water cooling","NONE","YES","NO","REJECT","NO","1 000","300 000","0","NO","NO","0","","NO","5 000.0","0.0","Milliseconds","DISABLE","0.0000","Absolute","0","DISABLE",""
"DI","ECS_WC_OFF","","water cooling IS stopped","SIM","","69:5","AUTO","ON","1","NO","Off","On","ENABLE","NONE","LOW","COS","DISABLE","NONE","NONE","NONE","YES","ALL","","","","","","","","","","","","","","","ECS","water cooling","NONE","YES","NO","REJECT","NO","1 000","300 000","0","NO","NO","0","","NO","5 000.0","0.0","Milliseconds","DISABLE","0.0000","Absolute","0","DISABLE",""
"DI","ECS_WC_ON","","water cooling IS running","SIM","","68:5","AUTO","ON","1","NO","Off","On","ENABLE","NONE","LOW","COS","DISABLE","NONE","NONE","NONE","YES","ALL","","","","","","","","","","","","","","","ECS","water cooling","NONE","YES","NO","REJECT","NO","1 000","300 000","0","NO","NO","0","","NO","5 000.0","0.0","Milliseconds","DISABLE","0.0000","Absolute","0","DISABLE",""
"DI","ECS_WC_SET_EMERG_STOP","","water cooling emergency Off command","SIM","","74:10","AUTO","ON","1","NO","Off","On","ENABLE","NONE","LOW","COS","DISABLE","NONE","NONE","NONE","YES","ALL","","","","","","","","","","","","","","","ECS","Water cooling","NONE","YES","NO","REJECT","NO","1 000","300 000","0","NO","NO","0","","NO","5 000.0","0.0","Milliseconds","DISABLE","0.0000","Absolute","0","DISABLE",""
"DI","ECS_WC_SET_OFF","","water cooling Off command","SIM","","73:10","AUTO","ON","1","NO","Off","On","ENABLE","NONE","LOW","COS","DISABLE","NONE","NONE","NONE","YES","ALL","","","","","","","","","","","","","","","ECS","Water cooling","NONE","YES","NO","REJECT","NO","1 000","300 000","0","NO","NO","0","","NO","5 000.0","0.0","Milliseconds","DISABLE","0.0000","Absolute","0","DISABLE",""
"DI","ECS_WC_SET_ON","","water cooling on command","SIM","","72:10","AUTO","ON","1","NO","Off","On","ENABLE","NONE","LOW","COS","DISABLE","NONE","NONE","NONE","YES","ALL","","","","","","","","","","","","","","","ECS","Water cooling","NONE","YES","NO","REJECT","NO","1 000","300 000","0","NO","NO","0","","NO","5 000.0","0.0","Milliseconds","DISABLE","0.0000","Absolute","0","DISABLE",""
"DI","ESD2PK2","","Выдача сигнала 2P управление или 2P импульсное. См. Руководство","SIM","","68:9","AUTO","ON","1","NO","Off","On","ENABLE","NONE","LOW","COS","DISABLE","NONE","NONE","NONE","YES","ALL","","","","","","","","","","","","","","","Valve","Valve","NONE","YES","NO","REJECT","NO","1 000","300 000","0","NO","NO","0","","NO","5 000.0","0.0","Milliseconds","DISABLE","0.0000","Absolute","0","DISABLE",""
"DI","FAULTK1","","Прием сигнала общего сбоя K1","SIM","","69:0","AUTO","ON","1","NO","Off","On","ENABLE","NONE","LOW","COS","DISABLE","NONE","NONE","NONE","YES","ALL","","","","","","","","","","","","","","","Valve","","NONE","YES","NO","REJECT","NO","1 000","300 000","0","NO","NO","0","","NO","5 000.0","0.0","Milliseconds","DISABLE","0.0000","Absolute","0","DISABLE",""
"DI","FAULTK3","","Прием сигнала общего сбоя K3","SIM","","68:1","AUTO","ON","1","NO","Off","On","ENABLE","NONE","LOW","COS","DISABLE","NONE","NONE","NONE","YES","ALL","","","","","","","","","","","","","","","Valve","","NONE","YES","NO","REJECT","NO","1 000","300 000","0","NO","NO","0","","NO","5 000.0","0.0","Milliseconds","DISABLE","0.0000","Absolute","0","DISABLE",""
"DI","FAULTK4","","Прием сигнала общего сбоя K4","SIM","","74:1","AUTO","ON","1","NO","Off","On","ENABLE","NONE","LOW","COS","DISABLE","NONE","NONE","NONE","YES","ALL","","","","","","","","","","","","","","","Valve","","NONE","YES","NO","REJECT","NO","1 000","300 000","0","NO","NO","0","","NO","5 000.0","0.0","Milliseconds","DISABLE","0.0000","Absolute","0","DISABLE",""
"DI","FAULTK5","","Прием сигнала общего сбоя K5","SIM","","70:2","AUTO","ON","1","NO","Off","On","ENABLE","NONE","LOW","COS","DISABLE","NONE","NONE","NONE","YES","ALL","","","","","","","","","","","","","","","Valve","","NONE","YES","NO","REJECT","NO","1 000","300 000","0","NO","NO","0","","NO","5 000.0","0.0","Milliseconds","DISABLE","0.0000","Absolute","0","DISABLE",""
"DI","ISMAINDB","","","SIM","","71:8","AUTO","ON","1","NO","Off","On","ENABLE","NONE","LOW","COS","DISABLE","NONE","NONE","NONE","YES","ALL","","","","","","","","","","","","","","","","","NONE","YES","NO","REJECT","NO","1 000","300 000","0","NO","NO","0","","NO","5 000.0","0.0","Milliseconds","DISABLE","0.0000","Absolute","0","DISABLE",""
"DI","LOCALK1","","Прием сигнала K1 в режиме местного управления","SIM","","67:0","AUTO","ON","1","NO","Off","On","ENABLE","NONE","LOW","COS","DISABLE","NONE","NONE","NONE","YES","ALL","","","","","","","","","","","","","","","Valve","","NONE","YES","NO","REJECT","NO","1 000","300 000","0","NO","NO","0","","NO","5 000.0","0.0","Milliseconds","DISABLE","0.0000","Absolute","0","DISABLE",""
"DI","LOCALK3","","Прием сигнала K3 в режиме местного управления","SIM","","66:1","AUTO","ON","1","NO","Off","On","ENABLE","NONE","LOW","COS","DISABLE","NONE","NONE","NONE","YES","ALL","","","","","","","","","","","","","","","Valve","","NONE","YES","NO","REJECT","NO","1 000","300 000","0","NO","NO","0","","NO","5 000.0","0.0","Milliseconds","DISABLE","0.0000","Absolute","0","DISABLE",""
"DI","LOCALK4","","Прием сигнала K4 в режиме местного управления","SIM","","72:1","AUTO","ON","1","NO","Off","On","ENABLE","NONE","LOW","COS","DISABLE","NONE","NONE","NONE","YES","ALL","","","","","","","","","","","","","","","Valve","","NONE","YES","NO","REJECT","NO","1 000","300 000","0","NO","NO","0","","NO","5 000.0","0.0","Milliseconds","DISABLE","0.0000","Absolute","0","DISABLE",""
"DI","LOCALK5","","Прием сигнала K5 в режиме местного управления","SIM","","68:2","AUTO","ON","1","NO","Off","On","ENABLE","NONE","LOW","COS","DISABLE","NONE","NONE","NONE","YES","ALL","","","","","","","","","","","","","","","Valve","","NONE","YES","NO","REJECT","NO","1 000","300 000","0","NO","NO","0","","NO","5 000.0","0.0","Milliseconds","DISABLE","0.0000","Absolute","0","DISABLE",""
"DI","MOTOR_ALARM","","thermocouple positioning motor is in emergency condition","SIM","","68:8","AUTO","ON","1","NO","Off","On","ENABLE","NONE","LOW","COS","DISABLE","NONE","NONE","NONE","YES","ALL","","","","","","","","","","","","","","","TC","Motor","NONE","YES","NO","REJECT","NO","1 000","300 000","0","NO","NO","0","","NO","5 000.0","0.0","Milliseconds","DISABLE","0.0000","Absolute","0","DISABLE",""
"DI","MOTOR_BLOCKED","","thermocouple positioning motor is blocked","SIM","","67:8","AUTO","ON","1","NO","Off","On","ENABLE","NONE","LOW","COS","DISABLE","NONE","NONE","NONE","YES","ALL","","","","","","","","","","","","","","","TC","Motor","NONE","YES","NO","REJECT","NO","1 000","300 000","0","NO","NO","0","","NO","5 000.0","0.0","Milliseconds","DISABLE","0.0000","Absolute","0","DISABLE",""
"DI","MOTOR_OFF","","thermocouple positioning motor is off","SIM","","66:8","AUTO","ON","1","NO","Off","On","ENABLE","NONE","LOW","COS","DISABLE","NONE","NONE","NONE","YES","ALL","","","","","","","","","","","","","","","TC","Motor","NONE","YES","NO","REJECT","NO","1 000","300 000","0","NO","NO","0","","NO","5 000.0","0.0","Milliseconds","DISABLE","0.0000","Absolute","0","DISABLE",""
"DI","MOTOR_ON","","thermocouple positioning motor is on","SIM","","65:8","AUTO","ON","1","NO","Off","On","ENABLE","NONE","LOW","COS","DISABLE","NONE","NONE","NONE","YES","ALL","","","","","","","","","","","","","","","TC","Motor","NONE","YES","NO","REJECT","NO","1 000","300 000","0","NO","NO","0","","NO","5 000.0","0.0","Milliseconds","DISABLE","0.0000","Absolute","0","DISABLE",""
"DI","OPENEDK1","","Прием сигнала K1 открыт","SIM","","66:0","AUTO","ON","1","NO","Off","On","ENABLE","NONE","LOW","COS","DISABLE","NONE","NONE","NONE","YES","ALL","","","","","","","","","","","","","","","Valve","","NONE","YES","NO","REJECT","NO","1 000","300 000","0","NO","NO","0","","NO","5 000.0","0.0","Milliseconds","DISABLE","0.0000","Absolute","0","DISABLE",""
"DI","OPENEDK3","","Прием сигнала K3 открыт","SIM","","65:1","AUTO","ON","1","NO","Off","On","ENABLE","NONE","LOW","COS","DISABLE","NONE","NONE","NONE","YES","ALL","","","","","","","","","","","","","","","Valve","","NONE","YES","NO","REJECT","NO","1 000","300 000","0","NO","NO","0","","NO","5 000.0","0.0","Milliseconds","DISABLE","0.0000","Absolute","0","DISABLE",""
"DI","OPENEDK4","","Прием сигнала K4 открыт","SIM","","71:1","AUTO","ON","1","NO","Off","On","ENABLE","NONE","LOW","COS","DISABLE","NONE","NONE","NONE","YES","ALL","","","","","","","","","","","","","","","Valve","","NONE","YES","NO","REJECT","NO","1 000","300 000","0","NO","NO","0","","NO","5 000.0","0.0","Milliseconds","DISABLE","0.0000","Absolute","0","DISABLE",""
"DI","OPENEDK5","","Прием сигнала K5 открыт","SIM","","67:2","AUTO","ON","1","NO","Off","On","ENABLE","NONE","LOW","COS","DISABLE","NONE","NONE","NONE","YES","ALL","","","","","","","","","","","","","","","Valve","","NONE","YES","NO","REJECT","NO","1 000","300 000","0","NO","NO","0","","NO","5 000.0","0.0","Milliseconds","DISABLE","0.0000","Absolute","0","DISABLE",""
"DI","OPENK1","","Выдача сигнала на открытие К1","SIM","","73:8","AUTO","ON","1","NO","Off","On","ENABLE","NONE","LOW","COS","DISABLE","NONE","NONE","NONE","YES","ALL","","","","","","","","","","","","","","","Valve","Valve","NONE","YES","NO","REJECT","NO","1 000","300 000","0","NO","NO","0","","NO","5 000.0","0.0","Milliseconds","DISABLE","0.0000","Absolute","0","DISABLE",""
"DI","OPENK2","","Выдача сигнала на открытие К2","SIM","","66:9","AUTO","ON","1","NO","Off","On","ENABLE","NONE","LOW","COS","DISABLE","NONE","NONE","NONE","YES","ALL","","","","","","","","","","","","","","","Valve","Valve","NONE","YES","NO","REJECT","NO","1 000","300 000","0","NO","NO","0","","NO","5 000.0","0.0","Milliseconds","DISABLE","0.0000","Absolute","0","DISABLE",""
"DI","OPENK3","","Выдача сигнала на открытие К3","SIM","","70:9","AUTO","ON","1","NO","Off","On","ENABLE","NONE","LOW","COS","DISABLE","NONE","NONE","NONE","YES","ALL","","","","","","","","","","","","","","","Valve","Valve","NONE","YES","NO","REJECT","NO","1 000","300 000","0","NO","NO","0","","NO","5 000.0","0.0","Milliseconds","DISABLE","0.0000","Absolute","0","DISABLE",""
"DI","OPENK4","","Выдача сигнала на открытие К4","SIM","","73:9","AUTO","ON","1","NO","Off","On","ENABLE","NONE","LOW","COS","DISABLE","NONE","NONE","NONE","YES","ALL","","","","","","","","","","","","","","","Valve","Valve","NONE","YES","NO","REJECT","NO","1 000","300 000","0","NO","NO","0","","NO","5 000.0","0.0","Milliseconds","DISABLE","0.0000","Absolute","0","DISABLE",""
"DI","OPENK5","","Выдача сигнала на открытие К5","SIM","","66:10","AUTO","ON","1","NO","Off","On","ENABLE","NONE","LOW","COS","DISABLE","NONE","NONE","NONE","YES","ALL","","","","","","","","","","","","","","","Valve","Valve","NONE","YES","NO","REJECT","NO","1 000","300 000","0","NO","NO","0","","NO","5 000.0","0.0","Milliseconds","DISABLE","0.0000","Absolute","0","DISABLE",""
"DI","PID_ON","","PID is on","SIM","","69:8","AUTO","ON","1","NO","Off","On","ENABLE","NONE","LOW","COS","DISABLE","NONE","NONE","NONE","YES","ALL","","","","","","","","","","","","","","","Sensor","PID","NONE","YES","NO","REJECT","NO","1 000","300 000","0","NO","NO","0","","NO","5 000.0","0.0","Milliseconds","DISABLE","0.0000","Absolute","0","DISABLE",""
"DI","PID_SET_OFF","","disable PID processing","SIM","","74:12","AUTO","ON","1","NO","Off","On","ENABLE","NONE","LOW","COS","DISABLE","NONE","NONE","NONE","YES","ALL","","","","","","","","","","","","","","","Sensor","PID","NONE","YES","NO","REJECT","NO","1 000","300 000","0","NO","NO","0","","NO","5 000.0","0.0","Milliseconds","DISABLE","0.0000","Absolute","0","DISABLE",""
"DI","PID_SET_ON","","enable PID processing","SIM","","73:12","AUTO","ON","1","NO","Off","On","ENABLE","NONE","LOW","COS","DISABLE","NONE","NONE","NONE","YES","ALL","","","","","","","","","","","","","","","Sensor","PID","NONE","YES","NO","REJECT","NO","1 000","300 000","0","NO","NO","0","","NO","5 000.0","0.0","Milliseconds","DISABLE","0.0000","Absolute","0","DISABLE",""
"DI","PTE24","","ОШ ПИД регулятора. Уточнить назначение","SIM","","65:4","AUTO","ON","1","NO","Off","On","ENABLE","NONE","LOW","COS","DISABLE","NONE","NONE","NONE","YES","ALL","","","","","","","","","","","","","","","Sensor","PID","NONE","YES","NO","REJECT","NO","1 000","300 000","0","NO","NO","0","","NO","5 000.0","0.0","Milliseconds","DISABLE","0.0000","Absolute","0","DISABLE",""
"DI","R1K2","","Прием сигнала открытого положения К2. Программируемый. См. Рук.","SIM","","72:0","AUTO","ON","1","NO","Off","On","ENABLE","NONE","LOW","COS","DISABLE","NONE","NONE","NONE","YES","ALL","","","","","","","","","","","","","","","Valve","","NONE","YES","NO","REJECT","NO","1 000","300 000","0","NO","NO","0","","NO","5 000.0","0.0","Milliseconds","DISABLE","0.0000","Absolute","0","DISABLE",""
"DI","R2K2","","Прием сигнала закрытого положения К2. Программируемый. См. Рук.","SIM","","73:0","AUTO","ON","1","NO","Off","On","ENABLE","NONE","LOW","COS","DISABLE","NONE","NONE","NONE","YES","ALL","","","","","","","","","","","","","","","Valve","","NONE","YES","NO","REJECT","NO","1 000","300 000","0","NO","NO","0","","NO","5 000.0","0.0","Milliseconds","DISABLE","0.0000","Absolute","0","DISABLE",""
"DI","RE1K2","","Свободно программируемое реле","SIM","","70:3","AUTO","ON","1","NO","Off","On","ENABLE","NONE","LOW","COS","DISABLE","NONE","NONE","NONE","YES","ALL","","","","","","","","","","","","","","","Valve","","NONE","YES","NO","REJECT","NO","1 000","300 000","0","NO","NO","0","","NO","5 000.0","0.0","Milliseconds","DISABLE","0.0000","Absolute","0","DISABLE",""
"DI","RE2K2","","Свободно программируемое реле","SIM","","69:3","AUTO","ON","1","NO","Off","On","ENABLE","NONE","LOW","COS","DISABLE","NONE","NONE","NONE","YES","ALL","","","","","","","","","","","","","","","Valve","","NONE","YES","NO","REJECT","NO","1 000","300 000","0","NO","NO","0","","NO","5 000.0","0.0","Milliseconds","DISABLE","0.0000","Absolute","0","DISABLE",""
"DI","RE3K2","","Свободно программируемое реле","SIM","","68:3","AUTO","ON","1","NO","Off","On","ENABLE","NONE","LOW","COS","DISABLE","NONE","NONE","NONE","YES","ALL","","","","","","","","","","","","","","","Valve","","NONE","YES","NO","REJECT","NO","1 000","300 000","0","NO","NO","0","","NO","5 000.0","0.0","Milliseconds","DISABLE","0.0000","Absolute","0","DISABLE",""
"DI","RE4K2","","Свободно программируемое реле","SIM","","67:3","AUTO","ON","1","NO","Off","On","ENABLE","NONE","LOW","COS","DISABLE","NONE","NONE","NONE","YES","ALL","","","","","","","","","","","","","","","Valve","","NONE","YES","NO","REJECT","NO","1 000","300 000","0","NO","NO","0","","NO","5 000.0","0.0","Milliseconds","DISABLE","0.0000","Absolute","0","DISABLE",""
"DI","RE5K2","","Свободно программируемое реле","SIM","","66:3","AUTO","ON","1","NO","Off","On","ENABLE","NONE","LOW","COS","DISABLE","NONE","NONE","NONE","YES","ALL","","","","","","","","","","","","","","","Valve","","NONE","YES","NO","REJECT","NO","1 000","300 000","0","NO","NO","0","","NO","5 000.0","0.0","Milliseconds","DISABLE","0.0000","Absolute","0","DISABLE",""
"DI","READYK1","","Прием сигнала общей готовности K1","SIM","","70:0","AUTO","ON","1","NO","Off","On","ENABLE","NONE","LOW","COS","DISABLE","NONE","NONE","NONE","YES","ALL","","","","","","","","","","","","","","","Valve","","NONE","YES","NO","REJECT","NO","1 000","300 000","0","NO","NO","0","","NO","5 000.0","0.0","Milliseconds","DISABLE","0.0000","Absolute","0","DISABLE",""
"DI","READYK2","","Прием сигнала сбоя К2. Программируемый. См. Руководство ULR1PAEX","SIM","","71:0","AUTO","ON","1","NO","Off","On","ENABLE","NONE","LOW","COS","DISABLE","NONE","NONE","NONE","YES","ALL","","","","","","","","","","","","","","","Valve","","NONE","YES","NO","REJECT","NO","1 000","300 000","0","NO","NO","0","","NO","5 000.0","0.0","Milliseconds","DISABLE","0.0000","Absolute","0","DISABLE",""
"DI","READYK2_RELAY","","Свободно программируемое реле","SIM","","71:3","AUTO","ON","1","NO","Off","On","ENABLE","NONE","LOW","COS","DISABLE","NONE","NONE","NONE","YES","ALL","","","","","","","","","","","","","","","Valve","","NONE","YES","NO","REJECT","NO","1 000","300 000","0","NO","NO","0","","NO","5 000.0","0.0","Milliseconds","DISABLE","0.0000","Absolute","0","DISABLE",""
"DI","READYK3","","Прием сигнала общей готовности K3","SIM","","69:1","AUTO","ON","1","NO","Off","On","ENABLE","NONE","LOW","COS","DISABLE","NONE","NONE","NONE","YES","ALL","","","","","","","","","","","","","","","Valve","","NONE","YES","NO","REJECT","NO","1 000","300 000","0","NO","NO","0","","NO","5 000.0","0.0","Milliseconds","DISABLE","0.0000","Absolute","0","DISABLE",""
"DI","READYK4","","Прием сигнала общей готовности K4","SIM","","65:2","AUTO","ON","1","NO","Off","On","ENABLE","NONE","LOW","COS","DISABLE","NONE","NONE","NONE","YES","ALL","","","","","","","","","","","","","","","Valve","","NONE","YES","NO","REJECT","NO","1 000","300 000","0","NO","NO","0","","NO","5 000.0","0.0","Milliseconds","DISABLE","0.0000","Absolute","0","DISABLE",""
"DI","READYK5","","Прием сигнала общей готовности K5","SIM","","71:2","AUTO","ON","1","NO","Off","On","ENABLE","NONE","LOW","COS","DISABLE","NONE","NONE","NONE","YES","ALL","","","","","","","","","","","","","","","Valve","","NONE","YES","NO","REJECT","NO","1 000","300 000","0","NO","NO","0","","NO","5 000.0","0.0","Milliseconds","DISABLE","0.0000","Absolute","0","DISABLE",""
"DI","REMOTEK1","","Прием сигнала K1 в режиме удаленного управления","SIM","","68:0","AUTO","ON","1","NO","Off","On","ENABLE","NONE","LOW","COS","DISABLE","NONE","NONE","NONE","YES","ALL","","","","","","","","","","","","","","","Valve","","NONE","YES","NO","REJECT","NO","1 000","300 000","0","NO","NO","0","","NO","5 000.0","0.0","Milliseconds","DISABLE","0.0000","Absolute","0","DISABLE",""
"DI","REMOTEK3","","Прием сигнала K3 в режиме удаленного управления","SIM","","67:1","AUTO","ON","1","NO","Off","On","ENABLE","NONE","LOW","COS","DISABLE","NONE","NONE","NONE","YES","ALL","","","","","","","","","","","","","","","Valve","","NONE","YES","NO","REJECT","NO","1 000","300 000","0","NO","NO","0","","NO","5 000.0","0.0","Milliseconds","DISABLE","0.0000","Absolute","0","DISABLE",""
"DI","REMOTEK4","","Прием сигнала K4 в режиме удаленного управления","SIM","","73:1","AUTO","ON","1","NO","Off","On","ENABLE","NONE","LOW","COS","DISABLE","NONE","NONE","NONE","YES","ALL","","","","","","","","","","","","","","","Valve","","NONE","YES","NO","REJECT","NO","1 000","300 000","0","NO","NO","0","","NO","5 000.0","0.0","Milliseconds","DISABLE","0.0000","Absolute","0","DISABLE",""
"DI","REMOTEK5","","Прием сигнала K5 в режиме удаленного управления","SIM","","69:2","AUTO","ON","1","NO","Off","On","ENABLE","NONE","LOW","COS","DISABLE","NONE","NONE","NONE","YES","ALL","","","","","","","","","","","","","","","Valve","","NONE","YES","NO","REJECT","NO","1 000","300 000","0","NO","NO","0","","NO","5 000.0","0.0","Milliseconds","DISABLE","0.0000","Absolute","0","DISABLE",""
"DI","STOPK1","","Выдача сигнала на останов К1","SIM","","74:8","AUTO","ON","1","NO","Off","On","ENABLE","NONE","LOW","COS","DISABLE","NONE","NONE","NONE","YES","ALL","","","","","","","","","","","","","","","Valve","Valve","NONE","YES","NO","REJECT","NO","1 000","300 000","0","NO","NO","0","","NO","5 000.0","0.0","Milliseconds","DISABLE","0.0000","Absolute","0","DISABLE",""
"DI","STOPK2","","Выдача сигнала на останов К2. Программируемый выход. См. Руководство","SIM","","67:9","AUTO","ON","1","NO","Off","On","ENABLE","NONE","LOW","COS","DISABLE","NONE","NONE","NONE","YES","ALL","","","","","","","","","","","","","","","Valve","Valve","NONE","YES","NO","REJECT","NO","1 000","300 000","0","NO","NO","0","","NO","5 000.0","0.0","Milliseconds","DISABLE","0.0000","Absolute","0","DISABLE",""
"DI","STOPK3","","Выдача сигнала на останов К3","SIM","","71:9","AUTO","ON","1","NO","Off","On","ENABLE","NONE","LOW","COS","DISABLE","NONE","NONE","NONE","YES","ALL","","","","","","","","","","","","","","","Valve","Valve","NONE","YES","NO","REJECT","NO","1 000","300 000","0","NO","NO","0","","NO","5 000.0","0.0","Milliseconds","DISABLE","0.0000","Absolute","0","DISABLE",""
"DI","STOPK4","","Выдача сигнала на останов К4","SIM","","74:9","AUTO","ON","1","NO","Off","On","ENABLE","NONE","LOW","COS","DISABLE","NONE","NONE","NONE","YES","ALL","","","","","","","","","","","","","","","Valve","Valve","NONE","YES","NO","REJECT","NO","1 000","300 000","0","NO","NO","0","","NO","5 000.0","0.0","Milliseconds","DISABLE","0.0000","Absolute","0","DISABLE",""
"DI","STOPK5","","Выдача сигнала на останов К5","SIM","","67:10","AUTO","ON","1","NO","Off","On","ENABLE","NONE","LOW","COS","DISABLE","NONE","NONE","NONE","YES","ALL","","","","","","","","","","","","","","","Valve","Valve","NONE","YES","NO","REJECT","NO","1 000","300 000","0","NO","NO","0","","NO","5 000.0","0.0","Milliseconds","DISABLE","0.0000","Absolute","0","DISABLE",""
"DI","THERMOCOUPLE_MOVEMENT_SET_OFF","","enable thermocouple movement","SIM","","66:13","AUTO","ON","1","NO","Off","On","ENABLE","NONE","LOW","COS","DISABLE","NONE","NONE","NONE","YES","ALL","","","","","","","","","","","","","","","TC","Motor","NONE","YES","NO","REJECT","NO","1 000","300 000","0","NO","NO","0","","NO","5 000.0","0.0","Milliseconds","DISABLE","0.0000","Absolute","0","DISABLE",""
"DI","THERMOCOUPLE_MOVEMENT_SET_ON","","enable thermocouple movement","SIM","","65:13","AUTO","ON","1","NO","Off","On","ENABLE","NONE","LOW","COS","DISABLE","NONE","NONE","NONE","YES","ALL","","","","","","","","","","","","","","","TC","Motor","NONE","YES","NO","REJECT","NO","1 000","300 000","0","NO","NO","0","","NO","5 000.0","0.0","Milliseconds","DISABLE","0.0000","Absolute","0","DISABLE",""
"DI","THERMOCOUPLE_RUN_TO","","move thermocouple to given position","SIM","","67:13","AUTO","ON","1","NO","Off","On","ENABLE","NONE","LOW","COS","DISABLE","NONE","NONE","NONE","YES","ALL","","","","","","","","","","","","","","","TC","Motor","NONE","YES","NO","REJECT","NO","1 000","300 000","0","NO","NO","0","","NO","5 000.0","0.0","Milliseconds","DISABLE","0.0000","Absolute","0","DISABLE",""
"DI","THERMOCOUPLE_SET_CURRENT_POSITION","","set thermocouple position measured outside the system","SIM","","68:13","AUTO","ON","1","NO","Off","On","ENABLE","NONE","LOW","COS","DISABLE","NONE","NONE","NONE","YES","ALL","","","","","","","","","","","","","","","TC","Motor","NONE","YES","NO","REJECT","NO","1 000","300 000","0","NO","NO","0","","NO","5 000.0","0.0","Milliseconds","DISABLE","0.0000","Absolute","0","DISABLE",""
"DI","Y1PTE","","Свободно программируемое реле событий Y1 ПИД регулятора. Уточнить","SIM","","72:3","AUTO","ON","1","NO","Off","On","ENABLE","NONE","LOW","COS","DISABLE","NONE","NONE","NONE","YES","ALL","","","","","","","","","","","","","","","Sensor","PID","NONE","YES","NO","REJECT","NO","1 000","300 000","0","NO","NO","0","","NO","5 000.0","0.0","Milliseconds","DISABLE","0.0000","Absolute","0","DISABLE",""
"DI","Y2PTE","","Свободно программируемое реле событий Y2 ПИД регулятора. Уточнить","SIM","","73:3","AUTO","ON","1","NO","Off","On","ENABLE","NONE","LOW","COS","DISABLE","NONE","NONE","NONE","YES","ALL","","","","","","","","","","","","","","","Sensor","PID","NONE","YES","NO","REJECT","NO","1 000","300 000","0","NO","NO","0","","NO","5 000.0","0.0","Milliseconds","DISABLE","0.0000","Absolute","0","DISABLE",""
"DI","Y3PTE","","Отклонение температуры более чем допустимое. ПИД регулятор","SIM","","74:3","AUTO","ON","1","NO","Off","On","ENABLE","NONE","LOW","COS","DISABLE","NONE","NONE","NONE","YES","ALL","","","","","","","","","","","","","","","Sensor","PID","NONE","YES","NO","REJECT","NO","1 000","300 000","0","NO","NO","0","","NO","5 000.0","0.0","Milliseconds","DISABLE","0.0000","Absolute","0","DISABLE",""
"DI","Y6PTE","","Авария ПИД регулятора","SIM","","66:4","AUTO","ON","1","NO","Off","On","ENABLE","NONE","LOW","COS","DISABLE","NONE","NONE","NONE","YES","ALL","","","","","","","","","","","","","","","Sensor","PID","NONE","YES","NO","REJECT","NO","1 000","300 000","0","NO","NO","0","","NO","5 000.0","0.0","Milliseconds","DISABLE","0.0000","Absolute","0","DISABLE",""

[-------------------------------------------------End of Block List-------------------------------------------------]